date,theme_id,news_count,policy_count,attention_index,source
2024-01-01,ai,8,0,81.501,synthetic_sample
2024-01-02,ai,10,0,77.951,synthetic_sample
2024-01-03,ai,8,1,79.4,synthetic_sample
2024-01-04,ai,10,1,83.906,synthetic_sample
2024-01-05,ai,10,0,82.923,synthetic_sample
2024-01-06,ai,7,1,82.336,synthetic_sample
2024-01-07,ai,8,3,84.275,synthetic_sample
2024-01-08,ai,10,0,84.555,synthetic_sample
2024-01-09,ai,14,1,82.527,synthetic_sample
2024-01-10,ai,11,0,84.362,synthetic_sample
2024-01-11,ai,9,0,86.298,synthetic_sample
2024-01-12,ai,12,1,86.459,synthetic_sample
2024-01-13,ai,10,1,86.153,synthetic_sample
2024-01-14,ai,13,0,87.381,synthetic_sample
2024-01-15,ai,11,1,83.38,synthetic_sample
2024-01-16,ai,11,0,85.249,synthetic_sample
2024-01-17,ai,11,0,84.989,synthetic_sample
2024-01-18,ai,13,0,86.204,synthetic_sample
2024-01-19,ai,12,0,88.407,synthetic_sample
2024-01-20,ai,13,0,86.13,synthetic_sample
2024-01-21,ai,13,0,84.532,synthetic_sample
2024-01-22,ai,9,0,88.065,synthetic_sample
2024-01-23,ai,12,1,87.334,synthetic_sample
2024-01-24,ai,13,0,87.836,synthetic_sample
2024-01-25,ai,10,0,86.026,synthetic_sample
2024-01-26,ai,9,0,85.679,synthetic_sample
2024-01-27,ai,11,0,87.303,synthetic_sample
2024-01-28,ai,12,0,85.322,synthetic_sample
2024-01-29,ai,10,0,83.0,synthetic_sample
2024-01-30,ai,8,3,88.188,synthetic_sample
2024-01-31,ai,9,1,84.847,synthetic_sample
2024-02-01,ai,8,1,81.446,synthetic_sample
2024-02-02,ai,10,0,83.333,synthetic_sample
2024-02-03,ai,6,1,84.589,synthetic_sample
2024-02-04,ai,9,0,83.231,synthetic_sample
2024-02-05,ai,6,0,83.723,synthetic_sample
2024-02-06,ai,11,0,83.56,synthetic_sample
2024-02-07,ai,11,0,81.125,synthetic_sample
2024-02-08,ai,6,0,79.207,synthetic_sample
2024-02-09,ai,8,0,78.576,synthetic_sample
2024-02-10,ai,5,1,85.072,synthetic_sample
2024-02-11,ai,12,1,76.384,synthetic_sample
2024-02-12,ai,7,0,79.398,synthetic_sample
2024-02-13,ai,5,0,81.956,synthetic_sample
2024-02-14,ai,6,0,77.365,synthetic_sample
2024-02-15,ai,2,1,79.632,synthetic_sample
2024-02-16,ai,8,1,77.73,synthetic_sample
2024-02-17,ai,2,0,76.962,synthetic_sample
2024-02-18,ai,9,2,79.989,synthetic_sample
2024-02-19,ai,5,0,77.789,synthetic_sample
2024-02-20,ai,3,0,76.739,synthetic_sample
2024-02-21,ai,1,3,77.226,synthetic_sample
2024-02-22,ai,4,0,77.754,synthetic_sample
2024-02-23,ai,3,0,78.062,synthetic_sample
2024-02-24,ai,7,0,74.686,synthetic_sample
2024-02-25,ai,1,0,80.553,synthetic_sample
2024-02-26,ai,3,0,80.04,synthetic_sample
2024-02-27,ai,1,0,78.458,synthetic_sample
2024-02-28,ai,3,0,76.939,synthetic_sample
2024-02-29,ai,4,0,77.584,synthetic_sample
2024-03-01,ai,5,0,77.482,synthetic_sample
2024-03-02,ai,2,0,76.041,synthetic_sample
2024-03-03,ai,3,1,78.114,synthetic_sample
2024-03-04,ai,3,0,80.352,synthetic_sample
2024-03-05,ai,5,1,77.284,synthetic_sample
2024-03-06,ai,4,0,79.392,synthetic_sample
2024-03-07,ai,3,0,79.89,synthetic_sample
2024-03-08,ai,10,0,78.151,synthetic_sample
2024-03-09,ai,5,0,79.127,synthetic_sample
2024-03-10,ai,6,0,79.325,synthetic_sample
2024-03-11,ai,4,0,80.955,synthetic_sample
2024-03-12,ai,4,1,80.735,synthetic_sample
2024-03-13,ai,5,1,79.389,synthetic_sample
2024-03-14,ai,11,0,80.671,synthetic_sample
2024-03-15,ai,11,0,81.07,synthetic_sample
2024-03-16,ai,7,0,87.425,synthetic_sample
2024-03-17,ai,6,0,86.078,synthetic_sample
2024-03-18,ai,9,0,84.809,synthetic_sample
2024-03-19,ai,6,0,85.091,synthetic_sample
2024-03-20,ai,9,0,87.106,synthetic_sample
2024-03-21,ai,11,0,87.393,synthetic_sample
2024-03-22,ai,9,2,87.006,synthetic_sample
2024-03-23,ai,14,0,88.464,synthetic_sample
2024-03-24,ai,8,0,88.685,synthetic_sample
2024-03-25,ai,8,1,89.569,synthetic_sample
2024-03-26,ai,7,3,89.554,synthetic_sample
2024-03-27,ai,11,1,88.912,synthetic_sample
2024-03-28,ai,11,1,89.298,synthetic_sample
2024-03-29,ai,11,0,89.35,synthetic_sample
2024-03-30,ai,8,0,93.834,synthetic_sample
2024-03-31,ai,23,0,119.971,synthetic_sample
2024-04-01,ai,26,1,123.437,synthetic_sample
2024-04-02,ai,28,0,123.361,synthetic_sample
2024-04-03,ai,27,1,122.79,synthetic_sample
2024-04-04,ai,26,1,123.2,synthetic_sample
2024-04-05,ai,24,1,121.407,synthetic_sample
2024-04-06,ai,29,0,124.911,synthetic_sample
2024-04-07,ai,28,1,118.888,synthetic_sample
2024-04-08,ai,25,0,122.429,synthetic_sample
2024-04-09,ai,25,1,118.603,synthetic_sample
2024-04-10,ai,25,1,123.19,synthetic_sample
2024-04-11,ai,27,0,121.295,synthetic_sample
2024-04-12,ai,26,1,116.331,synthetic_sample
2024-04-13,ai,24,0,117.033,synthetic_sample
2024-04-14,ai,28,1,118.761,synthetic_sample
2024-04-15,ai,27,0,120.047,synthetic_sample
2024-04-16,ai,25,0,117.508,synthetic_sample
2024-04-17,ai,24,0,119.63,synthetic_sample
2024-04-18,ai,26,0,118.223,synthetic_sample
2024-04-19,ai,27,0,116.42,synthetic_sample
2024-04-20,ai,24,0,117.665,synthetic_sample
2024-04-21,ai,26,2,121.865,synthetic_sample
2024-04-22,ai,22,0,119.979,synthetic_sample
2024-04-23,ai,22,0,118.946,synthetic_sample
2024-04-24,ai,19,0,112.68,synthetic_sample
2024-04-25,ai,20,0,116.49,synthetic_sample
2024-04-26,ai,7,0,80.387,synthetic_sample
2024-04-27,ai,6,0,85.502,synthetic_sample
2024-04-28,ai,7,2,85.692,synthetic_sample
2024-04-29,ai,6,0,82.368,synthetic_sample
2024-04-30,ai,5,1,82.615,synthetic_sample
2024-05-01,ai,6,0,82.815,synthetic_sample
2024-05-02,ai,6,0,80.131,synthetic_sample
2024-05-03,ai,2,1,83.924,synthetic_sample
2024-05-04,ai,4,1,84.813,synthetic_sample
2024-05-05,ai,4,0,81.726,synthetic_sample
2024-05-06,ai,7,1,80.533,synthetic_sample
2024-05-07,ai,1,0,80.842,synthetic_sample
2024-05-08,ai,5,1,82.218,synthetic_sample
2024-05-09,ai,2,0,81.085,synthetic_sample
2024-05-10,ai,0,0,80.091,synthetic_sample
2024-05-11,ai,2,1,82.152,synthetic_sample
2024-05-12,ai,3,0,82.057,synthetic_sample
2024-05-13,ai,6,0,78.458,synthetic_sample
2024-05-14,ai,6,2,81.27,synthetic_sample
2024-05-15,ai,4,0,85.847,synthetic_sample
2024-05-16,ai,4,0,84.047,synthetic_sample
2024-05-17,ai,2,1,82.763,synthetic_sample
2024-05-18,ai,2,0,78.268,synthetic_sample
2024-05-19,ai,2,0,82.143,synthetic_sample
2024-05-20,ai,8,0,81.155,synthetic_sample
2024-05-21,ai,5,1,83.832,synthetic_sample
2024-05-22,ai,6,1,81.59,synthetic_sample
2024-05-23,ai,5,0,84.761,synthetic_sample
2024-05-24,ai,8,2,84.44,synthetic_sample
2024-05-25,ai,4,0,83.566,synthetic_sample
2024-05-26,ai,7,1,85.204,synthetic_sample
2024-05-27,ai,7,0,88.171,synthetic_sample
2024-05-28,ai,3,0,82.855,synthetic_sample
2024-05-29,ai,4,0,89.173,synthetic_sample
2024-05-30,ai,6,0,82.006,synthetic_sample
2024-05-31,ai,6,2,89.421,synthetic_sample
2024-06-01,ai,5,0,89.244,synthetic_sample
2024-06-02,ai,8,0,90.285,synthetic_sample
2024-06-03,ai,10,0,91.934,synthetic_sample
2024-06-04,ai,12,0,88.895,synthetic_sample
2024-06-05,ai,12,0,93.995,synthetic_sample
2024-06-06,ai,9,0,91.951,synthetic_sample
2024-06-07,ai,10,0,91.444,synthetic_sample
2024-06-08,ai,8,1,89.491,synthetic_sample
2024-06-09,ai,12,0,95.348,synthetic_sample
2024-06-10,ai,6,0,90.08,synthetic_sample
2024-06-11,ai,9,1,93.316,synthetic_sample
2024-06-12,ai,11,0,92.142,synthetic_sample
2024-06-13,ai,12,0,95.229,synthetic_sample
2024-06-14,ai,12,2,94.108,synthetic_sample
2024-06-15,ai,10,1,93.17,synthetic_sample
2024-06-16,ai,11,1,93.601,synthetic_sample
2024-06-17,ai,13,0,94.958,synthetic_sample
2024-06-18,ai,10,0,95.756,synthetic_sample
2024-06-19,ai,9,0,95.966,synthetic_sample
2024-06-20,ai,10,2,97.958,synthetic_sample
2024-06-21,ai,11,3,93.296,synthetic_sample
2024-06-22,ai,13,1,93.703,synthetic_sample
2024-06-23,ai,12,2,98.919,synthetic_sample
2024-06-24,ai,8,0,94.288,synthetic_sample
2024-06-25,ai,10,1,91.406,synthetic_sample
2024-06-26,ai,12,1,93.486,synthetic_sample
2024-06-27,ai,9,2,91.122,synthetic_sample
2024-06-28,ai,11,0,94.683,synthetic_sample
2024-01-01,semiconductor,9,2,90.476,synthetic_sample
2024-01-02,semiconductor,13,0,92.259,synthetic_sample
2024-01-03,semiconductor,11,0,90.166,synthetic_sample
2024-01-04,semiconductor,11,0,88.794,synthetic_sample
2024-01-05,semiconductor,12,1,85.228,synthetic_sample
2024-01-06,semiconductor,16,1,86.333,synthetic_sample
2024-01-07,semiconductor,12,0,89.938,synthetic_sample
2024-01-08,semiconductor,10,0,91.437,synthetic_sample
2024-01-09,semiconductor,9,2,89.742,synthetic_sample
2024-01-10,semiconductor,12,2,86.943,synthetic_sample
2024-01-11,semiconductor,13,1,90.002,synthetic_sample
2024-01-12,semiconductor,16,0,91.43,synthetic_sample
2024-01-13,semiconductor,13,0,90.477,synthetic_sample
2024-01-14,semiconductor,14,0,86.567,synthetic_sample
2024-01-15,semiconductor,12,1,89.581,synthetic_sample
2024-01-16,semiconductor,8,0,90.466,synthetic_sample
2024-01-17,semiconductor,10,1,89.772,synthetic_sample
2024-01-18,semiconductor,10,0,90.595,synthetic_sample
2024-01-19,semiconductor,12,1,89.431,synthetic_sample
2024-01-20,semiconductor,11,1,89.484,synthetic_sample
2024-01-21,semiconductor,13,2,86.984,synthetic_sample
2024-01-22,semiconductor,9,1,86.539,synthetic_sample
2024-01-23,semiconductor,9,1,88.947,synthetic_sample
2024-01-24,semiconductor,5,0,85.051,synthetic_sample
2024-01-25,semiconductor,4,0,84.35,synthetic_sample
2024-01-26,semiconductor,8,0,85.248,synthetic_sample
2024-01-27,semiconductor,6,0,87.392,synthetic_sample
2024-01-28,semiconductor,6,0,85.968,synthetic_sample
2024-01-29,semiconductor,7,0,84.385,synthetic_sample
2024-01-30,semiconductor,9,1,83.56,synthetic_sample
2024-01-31,semiconductor,5,0,84.933,synthetic_sample
2024-02-01,semiconductor,6,1,85.413,synthetic_sample
2024-02-02,semiconductor,2,0,80.924,synthetic_sample
2024-02-03,semiconductor,9,0,83.939,synthetic_sample
2024-02-04,semiconductor,4,0,82.957,synthetic_sample
2024-02-05,semiconductor,6,0,81.37,synthetic_sample
2024-02-06,semiconductor,6,0,83.015,synthetic_sample
2024-02-07,semiconductor,7,0,76.71,synthetic_sample
2024-02-08,semiconductor,7,1,77.263,synthetic_sample
2024-02-09,semiconductor,5,2,80.053,synthetic_sample
2024-02-10,semiconductor,3,0,80.05,synthetic_sample
2024-02-11,semiconductor,3,2,78.697,synthetic_sample
2024-02-12,semiconductor,6,1,82.967,synthetic_sample
2024-02-13,semiconductor,6,0,81.713,synthetic_sample
2024-02-14,semiconductor,5,0,80.618,synthetic_sample
2024-02-15,semiconductor,3,2,83.223,synthetic_sample
2024-02-16,semiconductor,5,1,81.005,synthetic_sample
2024-02-17,semiconductor,2,0,80.857,synthetic_sample
2024-02-18,semiconductor,2,0,80.754,synthetic_sample
2024-02-19,semiconductor,8,1,81.628,synthetic_sample
2024-02-20,semiconductor,5,1,81.084,synthetic_sample
2024-02-21,semiconductor,4,1,82.462,synthetic_sample
2024-02-22,semiconductor,2,0,84.0,synthetic_sample
2024-02-23,semiconductor,8,1,80.682,synthetic_sample
2024-02-24,semiconductor,4,0,83.525,synthetic_sample
2024-02-25,semiconductor,8,1,80.703,synthetic_sample
2024-02-26,semiconductor,6,1,82.486,synthetic_sample
2024-02-27,semiconductor,7,0,82.861,synthetic_sample
2024-02-28,semiconductor,7,0,85.101,synthetic_sample
2024-02-29,semiconductor,8,1,88.003,synthetic_sample
2024-03-01,semiconductor,5,0,81.933,synthetic_sample
2024-03-02,semiconductor,8,0,85.963,synthetic_sample
2024-03-03,semiconductor,10,2,84.491,synthetic_sample
2024-03-04,semiconductor,8,2,90.156,synthetic_sample
2024-03-05,semiconductor,12,0,91.666,synthetic_sample
2024-03-06,semiconductor,9,2,89.141,synthetic_sample
2024-03-07,semiconductor,16,1,90.895,synthetic_sample
2024-03-08,semiconductor,9,0,91.313,synthetic_sample
2024-03-09,semiconductor,10,0,90.051,synthetic_sample
2024-03-10,semiconductor,11,1,91.867,synthetic_sample
2024-03-11,semiconductor,9,0,90.909,synthetic_sample
2024-03-12,semiconductor,11,0,93.158,synthetic_sample
2024-03-13,semiconductor,8,1,91.849,synthetic_sample
2024-03-14,semiconductor,12,0,93.809,synthetic_sample
2024-03-15,semiconductor,12,0,88.832,synthetic_sample
2024-03-16,semiconductor,12,0,92.898,synthetic_sample
2024-03-17,semiconductor,12,4,94.005,synthetic_sample
2024-03-18,semiconductor,15,1,90.305,synthetic_sample
2024-03-19,semiconductor,11,1,94.038,synthetic_sample
2024-03-20,semiconductor,12,2,95.128,synthetic_sample
2024-03-21,semiconductor,9,0,94.545,synthetic_sample
2024-03-22,semiconductor,12,0,93.223,synthetic_sample
2024-03-23,semiconductor,17,1,94.694,synthetic_sample
2024-03-24,semiconductor,10,0,95.393,synthetic_sample
2024-03-25,semiconductor,14,0,96.578,synthetic_sample
2024-03-26,semiconductor,15,1,95.624,synthetic_sample
2024-03-27,semiconductor,15,0,93.851,synthetic_sample
2024-03-28,semiconductor,10,2,98.133,synthetic_sample
2024-03-29,semiconductor,12,1,94.364,synthetic_sample
2024-03-30,semiconductor,12,1,97.314,synthetic_sample
2024-03-31,semiconductor,12,1,93.615,synthetic_sample
2024-04-01,semiconductor,13,0,93.952,synthetic_sample
2024-04-02,semiconductor,13,1,93.815,synthetic_sample
2024-04-03,semiconductor,10,0,87.054,synthetic_sample
2024-04-04,semiconductor,11,1,93.471,synthetic_sample
2024-04-05,semiconductor,11,0,90.773,synthetic_sample
2024-04-06,semiconductor,13,1,91.802,synthetic_sample
2024-04-07,semiconductor,11,0,91.66,synthetic_sample
2024-04-08,semiconductor,8,1,88.246,synthetic_sample
2024-04-09,semiconductor,9,0,92.392,synthetic_sample
2024-04-10,semiconductor,9,0,89.891,synthetic_sample
2024-04-11,semiconductor,9,1,87.577,synthetic_sample
2024-04-12,semiconductor,10,1,90.103,synthetic_sample
2024-04-13,semiconductor,9,0,89.234,synthetic_sample
2024-04-14,semiconductor,9,1,85.532,synthetic_sample
2024-04-15,semiconductor,8,2,86.951,synthetic_sample
2024-04-16,semiconductor,9,1,90.135,synthetic_sample
2024-04-17,semiconductor,6,1,87.353,synthetic_sample
2024-04-18,semiconductor,7,0,86.617,synthetic_sample
2024-04-19,semiconductor,5,0,87.652,synthetic_sample
2024-04-20,semiconductor,6,0,87.397,synthetic_sample
2024-04-21,semiconductor,5,1,83.289,synthetic_sample
2024-04-22,semiconductor,8,2,83.448,synthetic_sample
2024-04-23,semiconductor,5,0,84.582,synthetic_sample
2024-04-24,semiconductor,6,2,86.287,synthetic_sample
2024-04-25,semiconductor,1,2,84.882,synthetic_sample
2024-04-26,semiconductor,7,1,83.765,synthetic_sample
2024-04-27,semiconductor,6,0,84.677,synthetic_sample
2024-04-28,semiconductor,7,0,86.246,synthetic_sample
2024-04-29,semiconductor,6,0,86.578,synthetic_sample
2024-04-30,semiconductor,6,1,82.948,synthetic_sample
2024-05-01,semiconductor,3,4,84.965,synthetic_sample
2024-05-02,semiconductor,9,0,87.809,synthetic_sample
2024-05-03,semiconductor,5,0,85.263,synthetic_sample
2024-05-04,semiconductor,6,0,88.136,synthetic_sample
2024-05-05,semiconductor,4,1,85.348,synthetic_sample
2024-05-06,semiconductor,3,2,85.354,synthetic_sample
2024-05-07,semiconductor,3,0,82.877,synthetic_sample
2024-05-08,semiconductor,4,0,89.05,synthetic_sample
2024-05-09,semiconductor,11,2,86.492,synthetic_sample
2024-05-10,semiconductor,7,0,87.428,synthetic_sample
2024-05-11,semiconductor,5,0,84.561,synthetic_sample
2024-05-12,semiconductor,8,0,86.922,synthetic_sample
2024-05-13,semiconductor,7,1,87.29,synthetic_sample
2024-05-14,semiconductor,9,0,90.099,synthetic_sample
2024-05-15,semiconductor,9,0,91.893,synthetic_sample
2024-05-16,semiconductor,9,0,91.209,synthetic_sample
2024-05-17,semiconductor,6,3,92.397,synthetic_sample
2024-05-18,semiconductor,11,1,90.788,synthetic_sample
2024-05-19,semiconductor,9,1,91.101,synthetic_sample
2024-05-20,semiconductor,10,0,93.279,synthetic_sample
2024-05-21,semiconductor,9,0,92.457,synthetic_sample
2024-05-22,semiconductor,9,2,92.984,synthetic_sample
2024-05-23,semiconductor,6,1,92.632,synthetic_sample
2024-05-24,semiconductor,13,0,97.098,synthetic_sample
2024-05-25,semiconductor,11,1,95.029,synthetic_sample
2024-05-26,semiconductor,14,0,91.497,synthetic_sample
2024-05-27,semiconductor,10,1,96.903,synthetic_sample
2024-05-28,semiconductor,11,0,98.446,synthetic_sample
2024-05-29,semiconductor,12,1,95.664,synthetic_sample
2024-05-30,semiconductor,13,0,97.159,synthetic_sample
2024-05-31,semiconductor,15,1,95.118,synthetic_sample
2024-06-01,semiconductor,11,0,94.778,synthetic_sample
2024-06-02,semiconductor,10,1,101.659,synthetic_sample
2024-06-03,semiconductor,11,0,95.982,synthetic_sample
2024-06-04,semiconductor,9,0,96.47,synthetic_sample
2024-06-05,semiconductor,12,1,98.908,synthetic_sample
2024-06-06,semiconductor,13,1,100.423,synthetic_sample
2024-06-07,semiconductor,11,0,98.754,synthetic_sample
2024-06-08,semiconductor,10,2,98.513,synthetic_sample
2024-06-09,semiconductor,15,0,98.261,synthetic_sample
2024-06-10,semiconductor,14,0,102.633,synthetic_sample
2024-06-11,semiconductor,10,1,96.493,synthetic_sample
2024-06-12,semiconductor,9,0,99.309,synthetic_sample
2024-06-13,semiconductor,12,1,96.865,synthetic_sample
2024-06-14,semiconductor,10,0,98.67,synthetic_sample
2024-06-15,semiconductor,13,0,97.454,synthetic_sample
2024-06-16,semiconductor,10,0,94.789,synthetic_sample
2024-06-17,semiconductor,7,1,99.885,synthetic_sample
2024-06-18,semiconductor,11,1,98.463,synthetic_sample
2024-06-19,semiconductor,9,0,97.993,synthetic_sample
2024-06-20,semiconductor,9,1,95.054,synthetic_sample
2024-06-21,semiconductor,8,1,91.181,synthetic_sample
2024-06-22,semiconductor,10,0,93.749,synthetic_sample
2024-06-23,semiconductor,9,0,96.142,synthetic_sample
2024-06-24,semiconductor,12,2,93.406,synthetic_sample
2024-06-25,semiconductor,11,3,90.907,synthetic_sample
2024-06-26,semiconductor,10,1,94.185,synthetic_sample
2024-06-27,semiconductor,7,0,94.688,synthetic_sample
2024-06-28,semiconductor,8,0,91.737,synthetic_sample
2024-01-01,robotics,15,0,95.047,synthetic_sample
2024-01-02,robotics,12,1,91.612,synthetic_sample
2024-01-03,robotics,14,1,96.151,synthetic_sample
2024-01-04,robotics,16,0,93.581,synthetic_sample
2024-01-05,robotics,11,0,91.361,synthetic_sample
2024-01-06,robotics,15,1,94.643,synthetic_sample
2024-01-07,robotics,8,1,92.045,synthetic_sample
2024-01-08,robotics,12,0,91.521,synthetic_sample
2024-01-09,robotics,15,1,90.31,synthetic_sample
2024-01-10,robotics,10,1,92.481,synthetic_sample
2024-01-11,robotics,8,1,88.445,synthetic_sample
2024-01-12,robotics,10,0,84.857,synthetic_sample
2024-01-13,robotics,11,1,84.552,synthetic_sample
2024-01-14,robotics,8,1,88.377,synthetic_sample
2024-01-15,robotics,7,2,89.758,synthetic_sample
2024-01-16,robotics,13,0,88.936,synthetic_sample
2024-01-17,robotics,6,1,86.624,synthetic_sample
2024-01-18,robotics,8,1,89.25,synthetic_sample
2024-01-19,robotics,9,0,86.648,synthetic_sample
2024-01-20,robotics,9,0,84.341,synthetic_sample
2024-01-21,robotics,9,0,86.927,synthetic_sample
2024-01-22,robotics,11,0,87.053,synthetic_sample
2024-01-23,robotics,12,1,86.251,synthetic_sample
2024-01-24,robotics,8,3,83.615,synthetic_sample
2024-01-25,robotics,8,1,85.917,synthetic_sample
2024-01-26,robotics,4,0,85.981,synthetic_sample
2024-01-27,robotics,10,0,83.564,synthetic_sample
2024-01-28,robotics,5,1,83.374,synthetic_sample
2024-01-29,robotics,8,1,83.222,synthetic_sample
2024-01-30,robotics,6,1,86.363,synthetic_sample
2024-01-31,robotics,8,4,84.531,synthetic_sample
2024-02-01,robotics,7,3,78.038,synthetic_sample
2024-02-02,robotics,5,0,80.28,synthetic_sample
2024-02-03,robotics,6,0,81.664,synthetic_sample
2024-02-04,robotics,6,2,82.848,synthetic_sample
2024-02-05,robotics,7,0,87.794,synthetic_sample
2024-02-06,robotics,7,3,83.598,synthetic_sample
2024-02-07,robotics,5,0,83.302,synthetic_sample
2024-02-08,robotics,7,2,85.746,synthetic_sample
2024-02-09,robotics,5,3,83.309,synthetic_sample
2024-02-10,robotics,11,2,84.908,synthetic_sample
2024-02-11,robotics,6,0,88.508,synthetic_sample
2024-02-12,robotics,7,1,87.942,synthetic_sample
2024-02-13,robotics,8,0,85.982,synthetic_sample
2024-02-14,robotics,5,0,83.704,synthetic_sample
2024-02-15,robotics,8,1,81.539,synthetic_sample
2024-02-16,robotics,5,1,88.668,synthetic_sample
2024-02-17,robotics,5,0,88.173,synthetic_sample
2024-02-18,robotics,9,3,88.339,synthetic_sample
2024-02-19,robotics,10,2,89.303,synthetic_sample
2024-02-20,robotics,14,1,90.795,synthetic_sample
2024-02-21,robotics,11,1,91.554,synthetic_sample
2024-02-22,robotics,12,1,88.469,synthetic_sample
2024-02-23,robotics,7,1,93.993,synthetic_sample
2024-02-24,robotics,10,2,96.483,synthetic_sample
2024-02-25,robotics,8,0,96.241,synthetic_sample
2024-02-26,robotics,12,2,94.911,synthetic_sample
2024-02-27,robotics,10,0,91.121,synthetic_sample
2024-02-28,robotics,12,0,93.127,synthetic_sample
2024-02-29,robotics,12,1,94.122,synthetic_sample
2024-03-01,robotics,10,3,94.143,synthetic_sample
2024-03-02,robotics,11,0,96.354,synthetic_sample
2024-03-03,robotics,12,0,91.868,synthetic_sample
2024-03-04,robotics,13,0,96.703,synthetic_sample
2024-03-05,robotics,13,1,92.766,synthetic_sample
2024-03-06,robotics,10,2,96.416,synthetic_sample
2024-03-07,robotics,9,4,99.452,synthetic_sample
2024-03-08,robotics,16,0,93.234,synthetic_sample
2024-03-09,robotics,15,1,99.636,synthetic_sample
2024-03-10,robotics,11,0,95.882,synthetic_sample
2024-03-11,robotics,15,4,98.362,synthetic_sample
2024-03-12,robotics,13,2,96.326,synthetic_sample
2024-03-13,robotics,15,0,94.802,synthetic_sample
2024-03-14,robotics,12,1,95.147,synthetic_sample
2024-03-15,robotics,12,0,99.363,synthetic_sample
2024-03-16,robotics,15,0,96.918,synthetic_sample
2024-03-17,robotics,13,2,96.276,synthetic_sample
2024-03-18,robotics,11,0,98.812,synthetic_sample
2024-03-19,robotics,10,0,96.684,synthetic_sample
2024-03-20,robotics,13,0,93.955,synthetic_sample
2024-03-21,robotics,10,0,98.627,synthetic_sample
2024-03-22,robotics,8,0,98.628,synthetic_sample
2024-03-23,robotics,11,1,95.662,synthetic_sample
2024-03-24,robotics,8,0,97.416,synthetic_sample
2024-03-25,robotics,9,1,92.319,synthetic_sample
2024-03-26,robotics,10,2,95.373,synthetic_sample
2024-03-27,robotics,11,0,92.174,synthetic_sample
2024-03-28,robotics,10,0,96.406,synthetic_sample
2024-03-29,robotics,7,0,96.153,synthetic_sample
2024-03-30,robotics,11,3,92.488,synthetic_sample
2024-03-31,robotics,9,0,91.193,synthetic_sample
2024-04-01,robotics,10,0,88.554,synthetic_sample
2024-04-02,robotics,9,0,92.829,synthetic_sample
2024-04-03,robotics,8,1,91.634,synthetic_sample
2024-04-04,robotics,10,1,91.589,synthetic_sample
2024-04-05,robotics,10,0,88.782,synthetic_sample
2024-04-06,robotics,8,0,90.635,synthetic_sample
2024-04-07,robotics,9,1,89.734,synthetic_sample
2024-04-08,robotics,6,3,90.687,synthetic_sample
2024-04-09,robotics,4,1,91.431,synthetic_sample
2024-04-10,robotics,6,2,89.896,synthetic_sample
2024-04-11,robotics,5,1,89.366,synthetic_sample
2024-04-12,robotics,2,3,88.183,synthetic_sample
2024-04-13,robotics,9,1,88.673,synthetic_sample
2024-04-14,robotics,6,0,86.702,synthetic_sample
2024-04-15,robotics,5,2,87.559,synthetic_sample
2024-04-16,robotics,2,1,86.516,synthetic_sample
2024-04-17,robotics,5,0,85.912,synthetic_sample
2024-04-18,robotics,4,1,89.28,synthetic_sample
2024-04-19,robotics,4,0,87.796,synthetic_sample
2024-04-20,robotics,7,0,85.054,synthetic_sample
2024-04-21,robotics,3,2,89.18,synthetic_sample
2024-04-22,robotics,5,0,85.086,synthetic_sample
2024-04-23,robotics,6,3,89.276,synthetic_sample
2024-04-24,robotics,10,1,91.13,synthetic_sample
2024-04-25,robotics,6,1,90.678,synthetic_sample
2024-04-26,robotics,6,3,90.958,synthetic_sample
2024-04-27,robotics,4,0,87.333,synthetic_sample
2024-04-28,robotics,5,1,90.736,synthetic_sample
2024-04-29,robotics,5,2,90.8,synthetic_sample
2024-04-30,robotics,7,1,90.414,synthetic_sample
2024-05-01,robotics,9,1,90.296,synthetic_sample
2024-05-02,robotics,8,0,95.398,synthetic_sample
2024-05-03,robotics,9,0,94.309,synthetic_sample
2024-05-04,robotics,7,0,94.131,synthetic_sample
2024-05-05,robotics,8,0,92.501,synthetic_sample
2024-05-06,robotics,8,0,93.471,synthetic_sample
2024-05-07,robotics,12,1,99.693,synthetic_sample
2024-05-08,robotics,8,0,93.359,synthetic_sample
2024-05-09,robotics,9,1,94.158,synthetic_sample
2024-05-10,robotics,10,0,98.489,synthetic_sample
2024-05-11,robotics,9,1,96.715,synthetic_sample
2024-05-12,robotics,10,1,101.267,synthetic_sample
2024-05-13,robotics,14,2,96.111,synthetic_sample
2024-05-14,robotics,15,0,99.025,synthetic_sample
2024-05-15,robotics,7,2,101.508,synthetic_sample
2024-05-16,robotics,9,0,101.75,synthetic_sample
2024-05-17,robotics,9,0,100.668,synthetic_sample
2024-05-18,robotics,12,1,99.835,synthetic_sample
2024-05-19,robotics,13,1,100.746,synthetic_sample
2024-05-20,robotics,14,1,101.311,synthetic_sample
2024-05-21,robotics,9,2,103.311,synthetic_sample
2024-05-22,robotics,9,0,102.162,synthetic_sample
2024-05-23,robotics,13,0,100.875,synthetic_sample
2024-05-24,robotics,15,2,97.728,synthetic_sample
2024-05-25,robotics,15,0,103.336,synthetic_sample
2024-05-26,robotics,12,0,103.83,synthetic_sample
2024-05-27,robotics,17,3,99.894,synthetic_sample
2024-05-28,robotics,14,1,102.546,synthetic_sample
2024-05-29,robotics,13,1,100.87,synthetic_sample
2024-05-30,robotics,13,0,98.948,synthetic_sample
2024-05-31,robotics,10,0,101.867,synthetic_sample
2024-06-01,robotics,11,0,102.946,synthetic_sample
2024-06-02,robotics,11,1,102.752,synthetic_sample
2024-06-03,robotics,14,1,103.247,synthetic_sample
2024-06-04,robotics,13,1,98.709,synthetic_sample
2024-06-05,robotics,15,2,100.15,synthetic_sample
2024-06-06,robotics,13,1,101.975,synthetic_sample
2024-06-07,robotics,10,3,101.329,synthetic_sample
2024-06-08,robotics,15,0,96.234,synthetic_sample
2024-06-09,robotics,12,0,98.171,synthetic_sample
2024-06-10,robotics,11,1,96.54,synthetic_sample
2024-06-11,robotics,11,2,96.672,synthetic_sample
2024-06-12,robotics,8,0,97.269,synthetic_sample
2024-06-13,robotics,9,1,96.459,synthetic_sample
2024-06-14,robotics,7,1,98.12,synthetic_sample
2024-06-15,robotics,9,2,96.767,synthetic_sample
2024-06-16,robotics,8,3,90.2,synthetic_sample
2024-06-17,robotics,11,1,97.657,synthetic_sample
2024-06-18,robotics,7,1,97.243,synthetic_sample
2024-06-19,robotics,4,1,92.403,synthetic_sample
2024-06-20,robotics,6,1,95.87,synthetic_sample
2024-06-21,robotics,4,2,91.343,synthetic_sample
2024-06-22,robotics,10,0,91.382,synthetic_sample
2024-06-23,robotics,5,2,90.94,synthetic_sample
2024-06-24,robotics,2,0,89.51,synthetic_sample
2024-06-25,robotics,5,0,91.125,synthetic_sample
2024-06-26,robotics,10,1,89.1,synthetic_sample
2024-06-27,robotics,5,2,90.069,synthetic_sample
2024-06-28,robotics,5,0,92.662,synthetic_sample
2024-01-01,gold,10,0,92.374,synthetic_sample
2024-01-02,gold,9,0,92.882,synthetic_sample
2024-01-03,gold,10,1,91.489,synthetic_sample
2024-01-04,gold,9,0,94.911,synthetic_sample
2024-01-05,gold,7,1,91.513,synthetic_sample
2024-01-06,gold,13,1,89.527,synthetic_sample
2024-01-07,gold,9,1,89.649,synthetic_sample
2024-01-08,gold,9,1,87.103,synthetic_sample
2024-01-09,gold,9,1,91.367,synthetic_sample
2024-01-10,gold,8,0,89.678,synthetic_sample
2024-01-11,gold,8,2,87.397,synthetic_sample
2024-01-12,gold,9,0,85.603,synthetic_sample
2024-01-13,gold,10,0,85.904,synthetic_sample
2024-01-14,gold,10,0,85.342,synthetic_sample
2024-01-15,gold,11,1,87.968,synthetic_sample
2024-01-16,gold,7,0,88.627,synthetic_sample
2024-01-17,gold,8,2,87.175,synthetic_sample
2024-01-18,gold,4,1,82.001,synthetic_sample
2024-01-19,gold,7,2,88.454,synthetic_sample
2024-01-20,gold,6,1,86.18,synthetic_sample
2024-01-21,gold,8,1,88.963,synthetic_sample
2024-01-22,gold,8,2,85.182,synthetic_sample
2024-01-23,gold,8,0,87.471,synthetic_sample
2024-01-24,gold,4,0,84.953,synthetic_sample
2024-01-25,gold,9,0,88.313,synthetic_sample
2024-01-26,gold,8,3,84.903,synthetic_sample
2024-01-27,gold,10,0,88.812,synthetic_sample
2024-01-28,gold,6,0,90.275,synthetic_sample
2024-01-29,gold,7,1,87.991,synthetic_sample
2024-01-30,gold,5,0,88.516,synthetic_sample
2024-01-31,gold,8,0,89.364,synthetic_sample
2024-02-01,gold,8,1,90.672,synthetic_sample
2024-02-02,gold,9,0,90.625,synthetic_sample
2024-02-03,gold,11,2,89.525,synthetic_sample
2024-02-04,gold,10,3,91.469,synthetic_sample
2024-02-05,gold,11,0,90.185,synthetic_sample
2024-02-06,gold,6,2,90.896,synthetic_sample
2024-02-07,gold,11,3,91.268,synthetic_sample
2024-02-08,gold,10,1,95.236,synthetic_sample
2024-02-09,gold,11,1,94.093,synthetic_sample
2024-02-10,gold,11,2,94.611,synthetic_sample
2024-02-11,gold,9,0,95.02,synthetic_sample
2024-02-12,gold,12,1,96.469,synthetic_sample
2024-02-13,gold,14,0,100.839,synthetic_sample
2024-02-14,gold,11,2,97.187,synthetic_sample
2024-02-15,gold,14,2,96.536,synthetic_sample
2024-02-16,gold,18,2,95.807,synthetic_sample
2024-02-17,gold,15,0,98.418,synthetic_sample
2024-02-18,gold,13,1,96.457,synthetic_sample
2024-02-19,gold,14,0,99.692,synthetic_sample
2024-02-20,gold,12,1,98.372,synthetic_sample
2024-02-21,gold,12,3,100.982,synthetic_sample
2024-02-22,gold,16,0,96.675,synthetic_sample
2024-02-23,gold,13,0,98.678,synthetic_sample
2024-02-24,gold,12,1,101.298,synthetic_sample
2024-02-25,gold,14,1,102.043,synthetic_sample
2024-02-26,gold,14,1,97.281,synthetic_sample
2024-02-27,gold,12,2,100.197,synthetic_sample
2024-02-28,gold,19,1,99.359,synthetic_sample
2024-02-29,gold,12,0,101.612,synthetic_sample
2024-03-01,gold,11,0,101.298,synthetic_sample
2024-03-02,gold,14,1,100.878,synthetic_sample
2024-03-03,gold,14,2,100.241,synthetic_sample
2024-03-04,gold,15,0,100.167,synthetic_sample
2024-03-05,gold,16,2,99.146,synthetic_sample
2024-03-06,gold,14,2,97.715,synthetic_sample
2024-03-07,gold,14,4,100.759,synthetic_sample
2024-03-08,gold,15,2,98.041,synthetic_sample
2024-03-09,gold,11,1,97.815,synthetic_sample
2024-03-10,gold,13,1,98.972,synthetic_sample
2024-03-11,gold,15,2,100.219,synthetic_sample
2024-03-12,gold,11,1,98.754,synthetic_sample
2024-03-13,gold,14,3,100.54,synthetic_sample
2024-03-14,gold,9,1,100.234,synthetic_sample
2024-03-15,gold,13,1,97.919,synthetic_sample
2024-03-16,gold,11,1,98.427,synthetic_sample
2024-03-17,gold,10,2,94.589,synthetic_sample
2024-03-18,gold,12,0,96.58,synthetic_sample
2024-03-19,gold,4,0,99.655,synthetic_sample
2024-03-20,gold,9,1,95.468,synthetic_sample
2024-03-21,gold,12,0,95.924,synthetic_sample
2024-03-22,gold,10,1,96.525,synthetic_sample
2024-03-23,gold,6,0,96.455,synthetic_sample
2024-03-24,gold,11,0,96.107,synthetic_sample
2024-03-25,gold,10,2,92.79,synthetic_sample
2024-03-26,gold,7,1,92.181,synthetic_sample
2024-03-27,gold,9,2,95.306,synthetic_sample
2024-03-28,gold,8,1,95.163,synthetic_sample
2024-03-29,gold,7,2,92.967,synthetic_sample
2024-03-30,gold,12,1,94.438,synthetic_sample
2024-03-31,gold,9,0,86.955,synthetic_sample
2024-04-01,gold,8,2,93.558,synthetic_sample
2024-04-02,gold,5,0,91.954,synthetic_sample
2024-04-03,gold,7,0,91.516,synthetic_sample
2024-04-04,gold,12,0,93.4,synthetic_sample
2024-04-05,gold,8,2,90.919,synthetic_sample
2024-04-06,gold,8,1,89.95,synthetic_sample
2024-04-07,gold,10,1,92.655,synthetic_sample
2024-04-08,gold,6,2,91.832,synthetic_sample
2024-04-09,gold,7,0,94.836,synthetic_sample
2024-04-10,gold,10,2,96.958,synthetic_sample
2024-04-11,gold,10,0,91.36,synthetic_sample
2024-04-12,gold,5,1,91.937,synthetic_sample
2024-04-13,gold,7,0,92.02,synthetic_sample
2024-04-14,gold,2,0,91.681,synthetic_sample
2024-04-15,gold,8,3,92.427,synthetic_sample
2024-04-16,gold,9,3,93.784,synthetic_sample
2024-04-17,gold,4,0,90.995,synthetic_sample
2024-04-18,gold,9,1,93.897,synthetic_sample
2024-04-19,gold,8,2,97.229,synthetic_sample
2024-04-20,gold,10,2,94.044,synthetic_sample
2024-04-21,gold,6,0,95.591,synthetic_sample
2024-04-22,gold,5,1,99.988,synthetic_sample
2024-04-23,gold,6,3,96.119,synthetic_sample
2024-04-24,gold,11,2,101.035,synthetic_sample
2024-04-25,gold,10,0,100.758,synthetic_sample
2024-04-26,gold,15,2,96.001,synthetic_sample
2024-04-27,gold,13,1,99.11,synthetic_sample
2024-04-28,gold,10,0,96.786,synthetic_sample
2024-04-29,gold,10,1,100.411,synthetic_sample
2024-04-30,gold,12,1,102.667,synthetic_sample
2024-05-01,gold,14,1,100.772,synthetic_sample
2024-05-02,gold,14,1,101.361,synthetic_sample
2024-05-03,gold,14,2,104.615,synthetic_sample
2024-05-04,gold,12,0,99.219,synthetic_sample
2024-05-05,gold,21,1,121.076,synthetic_sample
2024-05-06,gold,22,0,122.942,synthetic_sample
2024-05-07,gold,27,1,123.237,synthetic_sample
2024-05-08,gold,23,4,124.883,synthetic_sample
2024-05-09,gold,26,0,128.356,synthetic_sample
2024-05-10,gold,23,1,124.747,synthetic_sample
2024-05-11,gold,24,1,127.888,synthetic_sample
2024-05-12,gold,24,1,126.809,synthetic_sample
2024-05-13,gold,23,1,125.136,synthetic_sample
2024-05-14,gold,20,0,127.906,synthetic_sample
2024-05-15,gold,26,0,127.479,synthetic_sample
2024-05-16,gold,25,2,126.158,synthetic_sample
2024-05-17,gold,26,1,128.792,synthetic_sample
2024-05-18,gold,25,1,124.103,synthetic_sample
2024-05-19,gold,24,2,124.704,synthetic_sample
2024-05-20,gold,28,0,126.043,synthetic_sample
2024-05-21,gold,23,1,126.106,synthetic_sample
2024-05-22,gold,23,1,123.409,synthetic_sample
2024-05-23,gold,26,1,124.503,synthetic_sample
2024-05-24,gold,23,0,122.162,synthetic_sample
2024-05-25,gold,21,0,124.793,synthetic_sample
2024-05-26,gold,14,2,104.778,synthetic_sample
2024-05-27,gold,12,0,102.196,synthetic_sample
2024-05-28,gold,16,0,103.417,synthetic_sample
2024-05-29,gold,8,3,101.241,synthetic_sample
2024-05-30,gold,7,0,104.442,synthetic_sample
2024-05-31,gold,14,3,103.402,synthetic_sample
2024-06-01,gold,9,1,97.073,synthetic_sample
2024-06-02,gold,11,0,101.528,synthetic_sample
2024-06-03,gold,13,2,98.174,synthetic_sample
2024-06-04,gold,8,0,102.113,synthetic_sample
2024-06-05,gold,7,2,99.86,synthetic_sample
2024-06-06,gold,11,4,102.84,synthetic_sample
2024-06-07,gold,10,2,100.597,synthetic_sample
2024-06-08,gold,9,1,96.65,synthetic_sample
2024-06-09,gold,11,1,99.734,synthetic_sample
2024-06-10,gold,6,2,94.378,synthetic_sample
2024-06-11,gold,4,1,95.945,synthetic_sample
2024-06-12,gold,4,1,98.31,synthetic_sample
2024-06-13,gold,6,1,94.834,synthetic_sample
2024-06-14,gold,10,0,94.882,synthetic_sample
2024-06-15,gold,7,1,94.174,synthetic_sample
2024-06-16,gold,7,2,95.677,synthetic_sample
2024-06-17,gold,9,1,97.98,synthetic_sample
2024-06-18,gold,6,2,96.68,synthetic_sample
2024-06-19,gold,6,2,95.169,synthetic_sample
2024-06-20,gold,10,0,96.085,synthetic_sample
2024-06-21,gold,11,0,91.769,synthetic_sample
2024-06-22,gold,9,0,95.627,synthetic_sample
2024-06-23,gold,5,0,93.912,synthetic_sample
2024-06-24,gold,6,1,94.598,synthetic_sample
2024-06-25,gold,6,2,95.424,synthetic_sample
2024-06-26,gold,6,0,95.176,synthetic_sample
2024-06-27,gold,8,1,97.759,synthetic_sample
2024-06-28,gold,7,2,93.578,synthetic_sample
2024-01-01,nonferrous,9,0,91.016,synthetic_sample
2024-01-02,nonferrous,10,1,91.486,synthetic_sample
2024-01-03,nonferrous,5,0,93.556,synthetic_sample
2024-01-04,nonferrous,4,1,90.67,synthetic_sample
2024-01-05,nonferrous,7,3,91.435,synthetic_sample
2024-01-06,nonferrous,6,0,88.314,synthetic_sample
2024-01-07,nonferrous,9,3,84.745,synthetic_sample
2024-01-08,nonferrous,8,2,90.289,synthetic_sample
2024-01-09,nonferrous,5,2,90.775,synthetic_sample
2024-01-10,nonferrous,10,0,90.856,synthetic_sample
2024-01-11,nonferrous,10,0,90.959,synthetic_sample
2024-01-12,nonferrous,6,2,94.418,synthetic_sample
2024-01-13,nonferrous,5,4,90.108,synthetic_sample
2024-01-14,nonferrous,6,3,92.425,synthetic_sample
2024-01-15,nonferrous,6,0,93.425,synthetic_sample
2024-01-16,nonferrous,10,0,90.74,synthetic_sample
2024-01-17,nonferrous,8,2,91.222,synthetic_sample
2024-01-18,nonferrous,5,1,89.977,synthetic_sample
2024-01-19,nonferrous,10,1,94.511,synthetic_sample
2024-01-20,nonferrous,8,3,91.803,synthetic_sample
2024-01-21,nonferrous,6,0,95.293,synthetic_sample
2024-01-22,nonferrous,11,3,93.262,synthetic_sample
2024-01-23,nonferrous,15,0,93.686,synthetic_sample
2024-01-24,nonferrous,11,1,93.805,synthetic_sample
2024-01-25,nonferrous,11,0,96.426,synthetic_sample
2024-01-26,nonferrous,11,1,95.044,synthetic_sample
2024-01-27,nonferrous,10,1,95.175,synthetic_sample
2024-01-28,nonferrous,10,2,98.422,synthetic_sample
2024-01-29,nonferrous,11,1,97.337,synthetic_sample
2024-01-30,nonferrous,14,1,96.699,synthetic_sample
2024-01-31,nonferrous,13,2,96.205,synthetic_sample
2024-02-01,nonferrous,11,1,98.429,synthetic_sample
2024-02-02,nonferrous,13,0,97.098,synthetic_sample
2024-02-03,nonferrous,15,1,97.452,synthetic_sample
2024-02-04,nonferrous,14,1,101.044,synthetic_sample
2024-02-05,nonferrous,14,4,103.458,synthetic_sample
2024-02-06,nonferrous,16,1,101.727,synthetic_sample
2024-02-07,nonferrous,15,0,104.753,synthetic_sample
2024-02-08,nonferrous,15,2,104.212,synthetic_sample
2024-02-09,nonferrous,13,1,101.864,synthetic_sample
2024-02-10,nonferrous,17,1,106.289,synthetic_sample
2024-02-11,nonferrous,18,0,102.069,synthetic_sample
2024-02-12,nonferrous,18,0,104.214,synthetic_sample
2024-02-13,nonferrous,15,0,101.233,synthetic_sample
2024-02-14,nonferrous,17,1,102.167,synthetic_sample
2024-02-15,nonferrous,13,0,107.526,synthetic_sample
2024-02-16,nonferrous,16,2,102.407,synthetic_sample
2024-02-17,nonferrous,12,0,100.114,synthetic_sample
2024-02-18,nonferrous,13,1,105.396,synthetic_sample
2024-02-19,nonferrous,16,1,106.847,synthetic_sample
2024-02-20,nonferrous,15,0,105.51,synthetic_sample
2024-02-21,nonferrous,15,2,105.212,synthetic_sample
2024-02-22,nonferrous,15,0,102.936,synthetic_sample
2024-02-23,nonferrous,14,1,105.977,synthetic_sample
2024-02-24,nonferrous,15,1,102.67,synthetic_sample
2024-02-25,nonferrous,12,0,102.455,synthetic_sample
2024-02-26,nonferrous,13,0,105.522,synthetic_sample
2024-02-27,nonferrous,14,3,102.913,synthetic_sample
2024-02-28,nonferrous,9,1,105.719,synthetic_sample
2024-02-29,nonferrous,17,0,104.021,synthetic_sample
2024-03-01,nonferrous,12,0,99.26,synthetic_sample
2024-03-02,nonferrous,12,1,102.999,synthetic_sample
2024-03-03,nonferrous,13,2,102.715,synthetic_sample
2024-03-04,nonferrous,15,2,97.009,synthetic_sample
2024-03-05,nonferrous,15,2,102.634,synthetic_sample
2024-03-06,nonferrous,12,1,100.114,synthetic_sample
2024-03-07,nonferrous,14,1,101.554,synthetic_sample
2024-03-08,nonferrous,9,1,98.119,synthetic_sample
2024-03-09,nonferrous,6,1,99.403,synthetic_sample
2024-03-10,nonferrous,10,0,101.818,synthetic_sample
2024-03-11,nonferrous,7,2,97.562,synthetic_sample
2024-03-12,nonferrous,6,3,99.167,synthetic_sample
2024-03-13,nonferrous,9,2,97.372,synthetic_sample
2024-03-14,nonferrous,7,2,96.204,synthetic_sample
2024-03-15,nonferrous,12,3,98.902,synthetic_sample
2024-03-16,nonferrous,9,0,96.202,synthetic_sample
2024-03-17,nonferrous,11,1,95.372,synthetic_sample
2024-03-18,nonferrous,13,1,92.835,synthetic_sample
2024-03-19,nonferrous,13,1,97.553,synthetic_sample
2024-03-20,nonferrous,9,3,90.944,synthetic_sample
2024-03-21,nonferrous,10,0,96.245,synthetic_sample
2024-03-22,nonferrous,12,3,93.547,synthetic_sample
2024-03-23,nonferrous,6,6,95.438,synthetic_sample
2024-03-24,nonferrous,6,1,93.54,synthetic_sample
2024-03-25,nonferrous,9,0,92.985,synthetic_sample
2024-03-26,nonferrous,8,2,95.46,synthetic_sample
2024-03-27,nonferrous,10,2,93.196,synthetic_sample
2024-03-28,nonferrous,7,2,94.042,synthetic_sample
2024-03-29,nonferrous,8,1,96.274,synthetic_sample
2024-03-30,nonferrous,10,1,93.6,synthetic_sample
2024-03-31,nonferrous,6,0,94.845,synthetic_sample
2024-04-01,nonferrous,6,2,95.431,synthetic_sample
2024-04-02,nonferrous,11,2,95.832,synthetic_sample
2024-04-03,nonferrous,9,1,100.948,synthetic_sample
2024-04-04,nonferrous,7,4,95.493,synthetic_sample
2024-04-05,nonferrous,9,1,99.744,synthetic_sample
2024-04-06,nonferrous,8,1,97.069,synthetic_sample
2024-04-07,nonferrous,9,3,100.541,synthetic_sample
2024-04-08,nonferrous,12,1,97.541,synthetic_sample
2024-04-09,nonferrous,14,5,98.589,synthetic_sample
2024-04-10,nonferrous,12,1,100.259,synthetic_sample
2024-04-11,nonferrous,12,0,98.129,synthetic_sample
2024-04-12,nonferrous,10,0,103.7,synthetic_sample
2024-04-13,nonferrous,15,1,103.322,synthetic_sample
2024-04-14,nonferrous,11,0,100.73,synthetic_sample
2024-04-15,nonferrous,10,1,104.304,synthetic_sample
2024-04-16,nonferrous,14,0,104.585,synthetic_sample
2024-04-17,nonferrous,13,4,104.107,synthetic_sample
2024-04-18,nonferrous,12,0,102.271,synthetic_sample
2024-04-19,nonferrous,16,3,111.085,synthetic_sample
2024-04-20,nonferrous,13,1,106.245,synthetic_sample
2024-04-21,nonferrous,16,2,106.497,synthetic_sample
2024-04-22,nonferrous,12,0,106.118,synthetic_sample
2024-04-23,nonferrous,13,1,106.26,synthetic_sample
2024-04-24,nonferrous,12,0,107.053,synthetic_sample
2024-04-25,nonferrous,16,1,106.202,synthetic_sample
2024-04-26,nonferrous,16,2,105.416,synthetic_sample
2024-04-27,nonferrous,17,2,109.61,synthetic_sample
2024-04-28,nonferrous,12,1,109.535,synthetic_sample
2024-04-29,nonferrous,16,1,107.042,synthetic_sample
2024-04-30,nonferrous,17,0,105.874,synthetic_sample
2024-05-01,nonferrous,14,0,107.999,synthetic_sample
2024-05-02,nonferrous,13,0,107.131,synthetic_sample
2024-05-03,nonferrous,16,1,110.912,synthetic_sample
2024-05-04,nonferrous,13,3,111.101,synthetic_sample
2024-05-05,nonferrous,15,1,108.026,synthetic_sample
2024-05-06,nonferrous,16,1,107.513,synthetic_sample
2024-05-07,nonferrous,15,1,106.418,synthetic_sample
2024-05-08,nonferrous,17,1,110.706,synthetic_sample
2024-05-09,nonferrous,19,3,104.387,synthetic_sample
2024-05-10,nonferrous,15,2,109.057,synthetic_sample
2024-05-11,nonferrous,11,0,110.565,synthetic_sample
2024-05-12,nonferrous,12,4,109.053,synthetic_sample
2024-05-13,nonferrous,12,0,105.192,synthetic_sample
2024-05-14,nonferrous,14,0,107.506,synthetic_sample
2024-05-15,nonferrous,14,3,108.451,synthetic_sample
2024-05-16,nonferrous,13,0,107.683,synthetic_sample
2024-05-17,nonferrous,12,0,104.039,synthetic_sample
2024-05-18,nonferrous,16,1,105.12,synthetic_sample
2024-05-19,nonferrous,10,1,103.487,synthetic_sample
2024-05-20,nonferrous,12,0,103.948,synthetic_sample
2024-05-21,nonferrous,11,3,102.827,synthetic_sample
2024-05-22,nonferrous,7,0,105.061,synthetic_sample
2024-05-23,nonferrous,6,1,106.189,synthetic_sample
2024-05-24,nonferrous,12,1,100.792,synthetic_sample
2024-05-25,nonferrous,12,1,101.044,synthetic_sample
2024-05-26,nonferrous,8,1,100.465,synthetic_sample
2024-05-27,nonferrous,11,0,102.312,synthetic_sample
2024-05-28,nonferrous,10,1,101.013,synthetic_sample
2024-05-29,nonferrous,10,2,106.55,synthetic_sample
2024-05-30,nonferrous,10,1,98.045,synthetic_sample
2024-05-31,nonferrous,8,2,100.059,synthetic_sample
2024-06-01,nonferrous,10,1,98.194,synthetic_sample
2024-06-02,nonferrous,10,0,96.107,synthetic_sample
2024-06-03,nonferrous,7,1,100.961,synthetic_sample
2024-06-04,nonferrous,8,4,98.931,synthetic_sample
2024-06-05,nonferrous,4,1,98.336,synthetic_sample
2024-06-06,nonferrous,7,1,95.58,synthetic_sample
2024-06-07,nonferrous,7,0,102.191,synthetic_sample
2024-06-08,nonferrous,9,1,99.349,synthetic_sample
2024-06-09,nonferrous,8,1,99.028,synthetic_sample
2024-06-10,nonferrous,8,2,93.594,synthetic_sample
2024-06-11,nonferrous,6,1,99.477,synthetic_sample
2024-06-12,nonferrous,8,1,97.475,synthetic_sample
2024-06-13,nonferrous,9,2,100.163,synthetic_sample
2024-06-14,nonferrous,8,1,96.866,synthetic_sample
2024-06-15,nonferrous,7,0,98.905,synthetic_sample
2024-06-16,nonferrous,10,3,101.107,synthetic_sample
2024-06-17,nonferrous,12,1,101.68,synthetic_sample
2024-06-18,nonferrous,9,2,99.081,synthetic_sample
2024-06-19,nonferrous,6,1,102.826,synthetic_sample
2024-06-20,nonferrous,10,1,98.398,synthetic_sample
2024-06-21,nonferrous,9,2,104.698,synthetic_sample
2024-06-22,nonferrous,7,3,106.436,synthetic_sample
2024-06-23,nonferrous,11,2,99.221,synthetic_sample
2024-06-24,nonferrous,6,0,103.428,synthetic_sample
2024-06-25,nonferrous,9,2,104.96,synthetic_sample
2024-06-26,nonferrous,14,0,105.006,synthetic_sample
2024-06-27,nonferrous,14,2,106.553,synthetic_sample
2024-06-28,nonferrous,13,7,105.044,synthetic_sample
2024-01-01,coal,9,2,94.339,synthetic_sample
2024-01-02,coal,9,1,93.806,synthetic_sample
2024-01-03,coal,8,1,94.644,synthetic_sample
2024-01-04,coal,6,0,98.895,synthetic_sample
2024-01-05,coal,11,1,95.815,synthetic_sample
2024-01-06,coal,8,3,93.075,synthetic_sample
2024-01-07,coal,7,2,92.308,synthetic_sample
2024-01-08,coal,13,1,95.918,synthetic_sample
2024-01-09,coal,12,4,99.251,synthetic_sample
2024-01-10,coal,11,1,99.4,synthetic_sample
2024-01-11,coal,13,3,98.126,synthetic_sample
2024-01-12,coal,11,1,97.897,synthetic_sample
2024-01-13,coal,12,1,100.997,synthetic_sample
2024-01-14,coal,14,3,100.803,synthetic_sample
2024-01-15,coal,10,1,99.718,synthetic_sample
2024-01-16,coal,13,2,97.847,synthetic_sample
2024-01-17,coal,11,5,101.069,synthetic_sample
2024-01-18,coal,13,0,100.288,synthetic_sample
2024-01-19,coal,13,0,99.12,synthetic_sample
2024-01-20,coal,12,1,100.182,synthetic_sample
2024-01-21,coal,11,3,104.06,synthetic_sample
2024-01-22,coal,15,2,105.593,synthetic_sample
2024-01-23,coal,13,3,103.826,synthetic_sample
2024-01-24,coal,14,0,106.927,synthetic_sample
2024-01-25,coal,14,2,107.343,synthetic_sample
2024-01-26,coal,12,2,106.513,synthetic_sample
2024-01-27,coal,17,0,107.518,synthetic_sample
2024-01-28,coal,16,1,109.201,synthetic_sample
2024-01-29,coal,19,1,107.742,synthetic_sample
2024-01-30,coal,18,1,107.773,synthetic_sample
2024-01-31,coal,16,0,103.499,synthetic_sample
2024-02-01,coal,17,2,108.794,synthetic_sample
2024-02-02,coal,21,0,107.549,synthetic_sample
2024-02-03,coal,17,1,108.207,synthetic_sample
2024-02-04,coal,15,3,108.784,synthetic_sample
2024-02-05,coal,16,1,106.79,synthetic_sample
2024-02-06,coal,13,0,109.873,synthetic_sample
2024-02-07,coal,21,3,104.603,synthetic_sample
2024-02-08,coal,19,2,106.289,synthetic_sample
2024-02-09,coal,15,0,103.997,synthetic_sample
2024-02-10,coal,18,1,108.242,synthetic_sample
2024-02-11,coal,15,2,109.457,synthetic_sample
2024-02-12,coal,16,7,106.87,synthetic_sample
2024-02-13,coal,15,5,110.192,synthetic_sample
2024-02-14,coal,15,4,109.305,synthetic_sample
2024-02-15,coal,15,3,107.495,synthetic_sample
2024-02-16,coal,15,1,104.087,synthetic_sample
2024-02-17,coal,14,2,106.16,synthetic_sample
2024-02-18,coal,14,2,101.671,synthetic_sample
2024-02-19,coal,14,2,100.866,synthetic_sample
2024-02-20,coal,11,0,102.215,synthetic_sample
2024-02-21,coal,14,2,105.0,synthetic_sample
2024-02-22,coal,13,5,106.137,synthetic_sample
2024-02-23,coal,14,2,105.559,synthetic_sample
2024-02-24,coal,11,1,100.425,synthetic_sample
2024-02-25,coal,9,0,100.325,synthetic_sample
2024-02-26,coal,10,0,102.719,synthetic_sample
2024-02-27,coal,11,0,102.443,synthetic_sample
2024-02-28,coal,11,2,100.544,synthetic_sample
2024-02-29,coal,11,0,98.723,synthetic_sample
2024-03-01,coal,12,0,100.98,synthetic_sample
2024-03-02,coal,11,4,102.491,synthetic_sample
2024-03-03,coal,10,1,99.884,synthetic_sample
2024-03-04,coal,8,4,98.116,synthetic_sample
2024-03-05,coal,12,1,95.649,synthetic_sample
2024-03-06,coal,8,2,97.855,synthetic_sample
2024-03-07,coal,6,1,100.987,synthetic_sample
2024-03-08,coal,8,2,97.77,synthetic_sample
2024-03-09,coal,8,3,98.893,synthetic_sample
2024-03-10,coal,5,1,98.619,synthetic_sample
2024-03-11,coal,10,2,98.86,synthetic_sample
2024-03-12,coal,10,1,95.275,synthetic_sample
2024-03-13,coal,9,2,96.187,synthetic_sample
2024-03-14,coal,9,1,98.829,synthetic_sample
2024-03-15,coal,5,0,100.902,synthetic_sample
2024-03-16,coal,12,2,101.922,synthetic_sample
2024-03-17,coal,8,3,95.607,synthetic_sample
2024-03-18,coal,9,3,98.164,synthetic_sample
2024-03-19,coal,8,3,97.417,synthetic_sample
2024-03-20,coal,9,0,100.203,synthetic_sample
2024-03-21,coal,10,3,98.898,synthetic_sample
2024-03-22,coal,8,3,102.046,synthetic_sample
2024-03-23,coal,12,1,99.883,synthetic_sample
2024-03-24,coal,10,2,98.731,synthetic_sample
2024-03-25,coal,8,2,104.309,synthetic_sample
2024-03-26,coal,11,1,101.298,synthetic_sample
2024-03-27,coal,11,2,106.144,synthetic_sample
2024-03-28,coal,11,1,108.446,synthetic_sample
2024-03-29,coal,13,0,104.685,synthetic_sample
2024-03-30,coal,10,1,104.233,synthetic_sample
2024-03-31,coal,8,0,104.623,synthetic_sample
2024-04-01,coal,12,4,101.726,synthetic_sample
2024-04-02,coal,11,1,106.342,synthetic_sample
2024-04-03,coal,14,0,104.209,synthetic_sample
2024-04-04,coal,13,1,107.609,synthetic_sample
2024-04-05,coal,12,0,104.733,synthetic_sample
2024-04-06,coal,15,1,108.502,synthetic_sample
2024-04-07,coal,17,0,108.467,synthetic_sample
2024-04-08,coal,13,1,107.382,synthetic_sample
2024-04-09,coal,13,1,107.177,synthetic_sample
2024-04-10,coal,17,4,111.004,synthetic_sample
2024-04-11,coal,17,1,106.884,synthetic_sample
2024-04-12,coal,21,1,108.408,synthetic_sample
2024-04-13,coal,13,1,109.874,synthetic_sample
2024-04-14,coal,13,1,110.493,synthetic_sample
2024-04-15,coal,15,1,112.035,synthetic_sample
2024-04-16,coal,16,2,113.391,synthetic_sample
2024-04-17,coal,18,1,110.288,synthetic_sample
2024-04-18,coal,14,5,112.883,synthetic_sample
2024-04-19,coal,17,2,110.371,synthetic_sample
2024-04-20,coal,18,3,111.998,synthetic_sample
2024-04-21,coal,16,2,111.313,synthetic_sample
2024-04-22,coal,16,4,114.726,synthetic_sample
2024-04-23,coal,19,2,110.437,synthetic_sample
2024-04-24,coal,14,1,109.873,synthetic_sample
2024-04-25,coal,13,1,115.203,synthetic_sample
2024-04-26,coal,15,0,112.248,synthetic_sample
2024-04-27,coal,15,1,112.063,synthetic_sample
2024-04-28,coal,15,2,109.915,synthetic_sample
2024-04-29,coal,13,1,109.063,synthetic_sample
2024-04-30,coal,16,3,109.211,synthetic_sample
2024-05-01,coal,17,2,110.737,synthetic_sample
2024-05-02,coal,16,4,110.809,synthetic_sample
2024-05-03,coal,13,2,110.86,synthetic_sample
2024-05-04,coal,17,2,111.02,synthetic_sample
2024-05-05,coal,13,2,105.954,synthetic_sample
2024-05-06,coal,10,1,106.951,synthetic_sample
2024-05-07,coal,14,3,108.976,synthetic_sample
2024-05-08,coal,14,4,107.011,synthetic_sample
2024-05-09,coal,13,0,106.852,synthetic_sample
2024-05-10,coal,9,2,105.34,synthetic_sample
2024-05-11,coal,11,1,105.836,synthetic_sample
2024-05-12,coal,12,2,107.338,synthetic_sample
2024-05-13,coal,12,1,105.679,synthetic_sample
2024-05-14,coal,13,1,105.151,synthetic_sample
2024-05-15,coal,11,2,99.974,synthetic_sample
2024-05-16,coal,10,1,106.875,synthetic_sample
2024-05-17,coal,7,2,102.915,synthetic_sample
2024-05-18,coal,9,5,101.759,synthetic_sample
2024-05-19,coal,6,2,103.239,synthetic_sample
2024-05-20,coal,8,1,99.338,synthetic_sample
2024-05-21,coal,10,2,103.783,synthetic_sample
2024-05-22,coal,9,0,106.175,synthetic_sample
2024-05-23,coal,8,1,104.886,synthetic_sample
2024-05-24,coal,12,1,103.349,synthetic_sample
2024-05-25,coal,7,0,100.553,synthetic_sample
2024-05-26,coal,7,1,100.736,synthetic_sample
2024-05-27,coal,7,1,100.169,synthetic_sample
2024-05-28,coal,9,0,102.055,synthetic_sample
2024-05-29,coal,11,0,101.907,synthetic_sample
2024-05-30,coal,7,1,103.179,synthetic_sample
2024-05-31,coal,9,1,105.431,synthetic_sample
2024-06-01,coal,9,0,103.501,synthetic_sample
2024-06-02,coal,9,4,99.472,synthetic_sample
2024-06-03,coal,9,1,99.988,synthetic_sample
2024-06-04,coal,8,0,104.543,synthetic_sample
2024-06-05,coal,8,0,103.041,synthetic_sample
2024-06-06,coal,10,1,105.474,synthetic_sample
2024-06-07,coal,7,4,102.716,synthetic_sample
2024-06-08,coal,8,1,107.571,synthetic_sample
2024-06-09,coal,12,5,106.747,synthetic_sample
2024-06-10,coal,11,2,106.586,synthetic_sample
2024-06-11,coal,8,1,107.714,synthetic_sample
2024-06-12,coal,12,1,111.72,synthetic_sample
2024-06-13,coal,14,0,109.172,synthetic_sample
2024-06-14,coal,10,2,105.292,synthetic_sample
2024-06-15,coal,8,2,110.206,synthetic_sample
2024-06-16,coal,17,1,109.698,synthetic_sample
2024-06-17,coal,15,2,110.834,synthetic_sample
2024-06-18,coal,15,1,110.881,synthetic_sample
2024-06-19,coal,17,4,112.4,synthetic_sample
2024-06-20,coal,21,0,110.46,synthetic_sample
2024-06-21,coal,15,0,116.247,synthetic_sample
2024-06-22,coal,13,1,114.244,synthetic_sample
2024-06-23,coal,13,2,113.709,synthetic_sample
2024-06-24,coal,16,2,112.043,synthetic_sample
2024-06-25,coal,13,5,117.084,synthetic_sample
2024-06-26,coal,15,0,115.5,synthetic_sample
2024-06-27,coal,12,2,117.12,synthetic_sample
2024-06-28,coal,19,4,116.935,synthetic_sample
2024-01-01,dividend,11,0,100.725,synthetic_sample
2024-01-02,dividend,13,0,102.496,synthetic_sample
2024-01-03,dividend,10,1,107.102,synthetic_sample
2024-01-04,dividend,14,1,103.489,synthetic_sample
2024-01-05,dividend,13,1,99.445,synthetic_sample
2024-01-06,dividend,16,1,108.461,synthetic_sample
2024-01-07,dividend,13,1,106.452,synthetic_sample
2024-01-08,dividend,14,1,108.726,synthetic_sample
2024-01-09,dividend,15,0,106.167,synthetic_sample
2024-01-10,dividend,14,1,106.314,synthetic_sample
2024-01-11,dividend,18,3,108.212,synthetic_sample
2024-01-12,dividend,20,0,103.407,synthetic_sample
2024-01-13,dividend,17,2,109.1,synthetic_sample
2024-01-14,dividend,16,1,107.943,synthetic_sample
2024-01-15,dividend,15,1,109.616,synthetic_sample
2024-01-16,dividend,14,0,107.905,synthetic_sample
2024-01-17,dividend,16,3,113.768,synthetic_sample
2024-01-18,dividend,15,2,108.67,synthetic_sample
2024-01-19,dividend,18,3,112.872,synthetic_sample
2024-01-20,dividend,17,2,109.05,synthetic_sample
2024-01-21,dividend,13,3,111.184,synthetic_sample
2024-01-22,dividend,15,0,109.633,synthetic_sample
2024-01-23,dividend,19,1,115.13,synthetic_sample
2024-01-24,dividend,18,0,110.527,synthetic_sample
2024-01-25,dividend,16,3,110.995,synthetic_sample
2024-01-26,dividend,19,2,114.775,synthetic_sample
2024-01-27,dividend,19,4,115.043,synthetic_sample
2024-01-28,dividend,18,1,112.48,synthetic_sample
2024-01-29,dividend,16,3,111.244,synthetic_sample
2024-01-30,dividend,19,3,110.818,synthetic_sample
2024-01-31,dividend,16,2,109.526,synthetic_sample
2024-02-01,dividend,15,1,112.736,synthetic_sample
2024-02-02,dividend,15,2,112.76,synthetic_sample
2024-02-03,dividend,16,1,109.252,synthetic_sample
2024-02-04,dividend,14,0,109.857,synthetic_sample
2024-02-05,dividend,16,4,106.856,synthetic_sample
2024-02-06,dividend,17,2,105.484,synthetic_sample
2024-02-07,dividend,15,0,109.122,synthetic_sample
2024-02-08,dividend,15,1,106.797,synthetic_sample
2024-02-09,dividend,16,1,107.876,synthetic_sample
2024-02-10,dividend,10,2,104.615,synthetic_sample
2024-02-11,dividend,14,0,109.127,synthetic_sample
2024-02-12,dividend,13,3,107.062,synthetic_sample
2024-02-13,dividend,18,1,104.29,synthetic_sample
2024-02-14,dividend,13,2,103.773,synthetic_sample
2024-02-15,dividend,14,2,109.436,synthetic_sample
2024-02-16,dividend,10,1,107.743,synthetic_sample
2024-02-17,dividend,13,0,104.803,synthetic_sample
2024-02-18,dividend,12,6,103.521,synthetic_sample
2024-02-19,dividend,10,2,102.41,synthetic_sample
2024-02-20,dividend,14,1,100.784,synthetic_sample
2024-02-21,dividend,11,5,104.596,synthetic_sample
2024-02-22,dividend,8,0,100.755,synthetic_sample
2024-02-23,dividend,13,2,103.133,synthetic_sample
2024-02-24,dividend,9,0,104.266,synthetic_sample
2024-02-25,dividend,8,1,103.176,synthetic_sample
2024-02-26,dividend,9,1,99.32,synthetic_sample
2024-02-27,dividend,10,1,103.425,synthetic_sample
2024-02-28,dividend,7,1,99.893,synthetic_sample
2024-02-29,dividend,12,1,104.885,synthetic_sample
2024-03-01,dividend,7,0,102.066,synthetic_sample
2024-03-02,dividend,8,3,101.957,synthetic_sample
2024-03-03,dividend,6,2,96.144,synthetic_sample
2024-03-04,dividend,12,1,103.683,synthetic_sample
2024-03-05,dividend,8,3,102.614,synthetic_sample
2024-03-06,dividend,11,3,103.424,synthetic_sample
2024-03-07,dividend,9,0,101.959,synthetic_sample
2024-03-08,dividend,11,0,96.583,synthetic_sample
2024-03-09,dividend,11,0,103.971,synthetic_sample
2024-03-10,dividend,10,3,104.337,synthetic_sample
2024-03-11,dividend,13,2,102.92,synthetic_sample
2024-03-12,dividend,13,2,106.891,synthetic_sample
2024-03-13,dividend,11,3,103.864,synthetic_sample
2024-03-14,dividend,13,0,105.749,synthetic_sample
2024-03-15,dividend,11,2,107.514,synthetic_sample
2024-03-16,dividend,12,1,110.081,synthetic_sample
2024-03-17,dividend,14,1,107.951,synthetic_sample
2024-03-18,dividend,13,1,109.977,synthetic_sample
2024-03-19,dividend,11,2,107.09,synthetic_sample
2024-03-20,dividend,12,2,106.485,synthetic_sample
2024-03-21,dividend,19,1,108.961,synthetic_sample
2024-03-22,dividend,14,1,110.373,synthetic_sample
2024-03-23,dividend,13,0,108.742,synthetic_sample
2024-03-24,dividend,13,2,108.315,synthetic_sample
2024-03-25,dividend,16,1,109.1,synthetic_sample
2024-03-26,dividend,15,2,113.45,synthetic_sample
2024-03-27,dividend,16,3,112.507,synthetic_sample
2024-03-28,dividend,16,1,113.477,synthetic_sample
2024-03-29,dividend,15,1,111.317,synthetic_sample
2024-03-30,dividend,17,0,111.563,synthetic_sample
2024-03-31,dividend,13,1,112.433,synthetic_sample
2024-04-01,dividend,22,4,109.037,synthetic_sample
2024-04-02,dividend,16,1,115.01,synthetic_sample
2024-04-03,dividend,20,1,112.843,synthetic_sample
2024-04-04,dividend,15,3,113.649,synthetic_sample
2024-04-05,dividend,16,3,117.347,synthetic_sample
2024-04-06,dividend,18,2,115.999,synthetic_sample
2024-04-07,dividend,19,0,117.538,synthetic_sample
2024-04-08,dividend,18,3,116.892,synthetic_sample
2024-04-09,dividend,19,1,113.848,synthetic_sample
2024-04-10,dividend,19,3,114.273,synthetic_sample
2024-04-11,dividend,21,2,115.688,synthetic_sample
2024-04-12,dividend,12,0,115.174,synthetic_sample
2024-04-13,dividend,16,1,114.492,synthetic_sample
2024-04-14,dividend,15,0,114.303,synthetic_sample
2024-04-15,dividend,16,1,110.26,synthetic_sample
2024-04-16,dividend,16,0,112.93,synthetic_sample
2024-04-17,dividend,18,2,113.988,synthetic_sample
2024-04-18,dividend,16,3,111.441,synthetic_sample
2024-04-19,dividend,14,1,114.065,synthetic_sample
2024-04-20,dividend,17,1,111.985,synthetic_sample
2024-04-21,dividend,16,1,111.727,synthetic_sample
2024-04-22,dividend,15,1,115.631,synthetic_sample
2024-04-23,dividend,17,3,115.203,synthetic_sample
2024-04-24,dividend,15,2,112.88,synthetic_sample
2024-04-25,dividend,14,2,110.992,synthetic_sample
2024-04-26,dividend,14,2,111.318,synthetic_sample
2024-04-27,dividend,13,3,111.406,synthetic_sample
2024-04-28,dividend,10,0,111.271,synthetic_sample
2024-04-29,dividend,12,4,108.473,synthetic_sample
2024-04-30,dividend,11,1,110.025,synthetic_sample
2024-05-01,dividend,12,1,105.866,synthetic_sample
2024-05-02,dividend,16,2,108.255,synthetic_sample
2024-05-03,dividend,11,1,108.088,synthetic_sample
2024-05-04,dividend,6,2,104.62,synthetic_sample
2024-05-05,dividend,10,4,106.134,synthetic_sample
2024-05-06,dividend,10,1,104.098,synthetic_sample
2024-05-07,dividend,7,2,104.981,synthetic_sample
2024-05-08,dividend,6,2,106.575,synthetic_sample
2024-05-09,dividend,8,1,105.9,synthetic_sample
2024-05-10,dividend,12,1,104.333,synthetic_sample
2024-05-11,dividend,10,0,105.264,synthetic_sample
2024-05-12,dividend,14,2,102.633,synthetic_sample
2024-05-13,dividend,8,3,106.836,synthetic_sample
2024-05-14,dividend,11,2,104.817,synthetic_sample
2024-05-15,dividend,14,0,103.127,synthetic_sample
2024-05-16,dividend,10,2,104.676,synthetic_sample
2024-05-17,dividend,11,2,104.585,synthetic_sample
2024-05-18,dividend,10,0,105.256,synthetic_sample
2024-05-19,dividend,11,3,108.357,synthetic_sample
2024-05-20,dividend,11,1,104.556,synthetic_sample
2024-05-21,dividend,8,2,107.104,synthetic_sample
2024-05-22,dividend,9,4,109.269,synthetic_sample
2024-05-23,dividend,12,1,106.935,synthetic_sample
2024-05-24,dividend,9,0,108.208,synthetic_sample
2024-05-25,dividend,9,1,104.437,synthetic_sample
2024-05-26,dividend,11,2,109.981,synthetic_sample
2024-05-27,dividend,12,2,111.173,synthetic_sample
2024-05-28,dividend,12,2,107.438,synthetic_sample
2024-05-29,dividend,15,2,110.274,synthetic_sample
2024-05-30,dividend,9,0,108.371,synthetic_sample
2024-05-31,dividend,13,1,109.297,synthetic_sample
2024-06-01,dividend,12,2,111.303,synthetic_sample
2024-06-02,dividend,15,1,111.749,synthetic_sample
2024-06-03,dividend,10,1,112.618,synthetic_sample
2024-06-04,dividend,10,1,111.687,synthetic_sample
2024-06-05,dividend,15,0,112.59,synthetic_sample
2024-06-06,dividend,13,3,114.791,synthetic_sample
2024-06-07,dividend,14,1,109.171,synthetic_sample
2024-06-08,dividend,14,4,116.345,synthetic_sample
2024-06-09,dividend,16,3,116.46,synthetic_sample
2024-06-10,dividend,16,1,113.047,synthetic_sample
2024-06-11,dividend,16,1,117.491,synthetic_sample
2024-06-12,dividend,18,1,117.173,synthetic_sample
2024-06-13,dividend,15,1,116.093,synthetic_sample
2024-06-14,dividend,17,0,114.687,synthetic_sample
2024-06-15,dividend,14,3,115.676,synthetic_sample
2024-06-16,dividend,14,2,117.694,synthetic_sample
2024-06-17,dividend,15,3,120.998,synthetic_sample
2024-06-18,dividend,16,4,120.701,synthetic_sample
2024-06-19,dividend,14,1,121.756,synthetic_sample
2024-06-20,dividend,17,2,117.871,synthetic_sample
2024-06-21,dividend,14,1,117.884,synthetic_sample
2024-06-22,dividend,18,3,117.592,synthetic_sample
2024-06-23,dividend,15,2,119.944,synthetic_sample
2024-06-24,dividend,20,1,119.607,synthetic_sample
2024-06-25,dividend,17,2,117.5,synthetic_sample
2024-06-26,dividend,19,1,118.92,synthetic_sample
2024-06-27,dividend,18,3,118.428,synthetic_sample
2024-06-28,dividend,17,2,119.299,synthetic_sample
2024-01-01,bank,18,1,110.571,synthetic_sample
2024-01-02,bank,15,1,111.919,synthetic_sample
2024-01-03,bank,19,0,110.797,synthetic_sample
2024-01-04,bank,16,3,110.425,synthetic_sample
2024-01-05,bank,18,0,112.922,synthetic_sample
2024-01-06,bank,20,0,111.819,synthetic_sample
2024-01-07,bank,16,0,117.174,synthetic_sample
2024-01-08,bank,20,0,114.244,synthetic_sample
2024-01-09,bank,17,3,113.964,synthetic_sample
2024-01-10,bank,18,1,117.761,synthetic_sample
2024-01-11,bank,20,1,113.139,synthetic_sample
2024-01-12,bank,20,1,113.943,synthetic_sample
2024-01-13,bank,18,1,115.562,synthetic_sample
2024-01-14,bank,21,0,114.728,synthetic_sample
2024-01-15,bank,16,4,115.314,synthetic_sample
2024-01-16,bank,19,1,114.005,synthetic_sample
2024-01-17,bank,12,0,116.371,synthetic_sample
2024-01-18,bank,15,6,114.113,synthetic_sample
2024-01-19,bank,20,1,112.496,synthetic_sample
2024-01-20,bank,18,2,110.569,synthetic_sample
2024-01-21,bank,20,2,109.458,synthetic_sample
2024-01-22,bank,15,4,111.002,synthetic_sample
2024-01-23,bank,21,1,115.355,synthetic_sample
2024-01-24,bank,13,2,112.076,synthetic_sample
2024-01-25,bank,22,1,113.039,synthetic_sample
2024-01-26,bank,16,2,112.421,synthetic_sample
2024-01-27,bank,16,1,112.85,synthetic_sample
2024-01-28,bank,15,1,110.104,synthetic_sample
2024-01-29,bank,15,3,109.634,synthetic_sample
2024-01-30,bank,12,1,106.988,synthetic_sample
2024-01-31,bank,15,3,107.788,synthetic_sample
2024-02-01,bank,12,3,104.82,synthetic_sample
2024-02-02,bank,16,1,109.115,synthetic_sample
2024-02-03,bank,13,5,112.006,synthetic_sample
2024-02-04,bank,12,1,108.177,synthetic_sample
2024-02-05,bank,11,5,107.392,synthetic_sample
2024-02-06,bank,19,3,109.589,synthetic_sample
2024-02-07,bank,15,2,107.358,synthetic_sample
2024-02-08,bank,9,2,107.864,synthetic_sample
2024-02-09,bank,13,4,107.24,synthetic_sample
2024-02-10,bank,10,1,104.252,synthetic_sample
2024-02-11,bank,12,1,105.502,synthetic_sample
2024-02-12,bank,10,2,105.821,synthetic_sample
2024-02-13,bank,9,3,103.36,synthetic_sample
2024-02-14,bank,13,1,102.971,synthetic_sample
2024-02-15,bank,11,1,107.604,synthetic_sample
2024-02-16,bank,9,0,105.873,synthetic_sample
2024-02-17,bank,11,5,104.899,synthetic_sample
2024-02-18,bank,10,1,102.702,synthetic_sample
2024-02-19,bank,8,1,104.692,synthetic_sample
2024-02-20,bank,13,4,101.812,synthetic_sample
2024-02-21,bank,9,1,108.282,synthetic_sample
2024-02-22,bank,15,2,106.003,synthetic_sample
2024-02-23,bank,12,1,107.674,synthetic_sample
2024-02-24,bank,9,0,107.532,synthetic_sample
2024-02-25,bank,12,2,106.305,synthetic_sample
2024-02-26,bank,7,1,104.039,synthetic_sample
2024-02-27,bank,14,1,105.665,synthetic_sample
2024-02-28,bank,12,2,107.198,synthetic_sample
2024-02-29,bank,14,4,107.923,synthetic_sample
2024-03-01,bank,16,2,107.014,synthetic_sample
2024-03-02,bank,16,2,109.216,synthetic_sample
2024-03-03,bank,13,1,110.904,synthetic_sample
2024-03-04,bank,13,2,109.132,synthetic_sample
2024-03-05,bank,16,1,108.833,synthetic_sample
2024-03-06,bank,15,1,108.213,synthetic_sample
2024-03-07,bank,14,1,114.478,synthetic_sample
2024-03-08,bank,12,1,110.167,synthetic_sample
2024-03-09,bank,15,2,113.548,synthetic_sample
2024-03-10,bank,18,3,110.282,synthetic_sample
2024-03-11,bank,16,2,113.533,synthetic_sample
2024-03-12,bank,14,3,115.858,synthetic_sample
2024-03-13,bank,19,3,112.099,synthetic_sample
2024-03-14,bank,18,1,114.941,synthetic_sample
2024-03-15,bank,18,2,117.513,synthetic_sample
2024-03-16,bank,22,0,116.587,synthetic_sample
2024-03-17,bank,15,2,115.207,synthetic_sample
2024-03-18,bank,17,0,117.754,synthetic_sample
2024-03-19,bank,18,2,119.48,synthetic_sample
2024-03-20,bank,16,4,115.751,synthetic_sample
2024-03-21,bank,22,3,120.342,synthetic_sample
2024-03-22,bank,19,2,115.93,synthetic_sample
2024-03-23,bank,18,3,119.024,synthetic_sample
2024-03-24,bank,20,4,116.343,synthetic_sample
2024-03-25,bank,17,1,116.639,synthetic_sample
2024-03-26,bank,20,2,120.329,synthetic_sample
2024-03-27,bank,20,1,116.803,synthetic_sample
2024-03-28,bank,17,2,117.706,synthetic_sample
2024-03-29,bank,20,1,119.954,synthetic_sample
2024-03-30,bank,20,1,114.261,synthetic_sample
2024-03-31,bank,16,2,117.582,synthetic_sample
2024-04-01,bank,16,3,115.386,synthetic_sample
2024-04-02,bank,17,1,118.439,synthetic_sample
2024-04-03,bank,21,2,119.355,synthetic_sample
2024-04-04,bank,16,1,115.006,synthetic_sample
2024-04-05,bank,18,0,117.09,synthetic_sample
2024-04-06,bank,17,1,117.148,synthetic_sample
2024-04-07,bank,17,4,114.473,synthetic_sample
2024-04-08,bank,17,1,114.128,synthetic_sample
2024-04-09,bank,16,2,116.828,synthetic_sample
2024-04-10,bank,14,1,116.872,synthetic_sample
2024-04-11,bank,14,3,114.176,synthetic_sample
2024-04-12,bank,13,2,115.8,synthetic_sample
2024-04-13,bank,12,0,115.486,synthetic_sample
2024-04-14,bank,17,0,113.777,synthetic_sample
2024-04-15,bank,15,3,115.831,synthetic_sample
2024-04-16,bank,14,3,113.914,synthetic_sample
2024-04-17,bank,15,1,111.597,synthetic_sample
2024-04-18,bank,14,0,113.839,synthetic_sample
2024-04-19,bank,13,3,112.642,synthetic_sample
2024-04-20,bank,14,3,110.788,synthetic_sample
2024-04-21,bank,16,3,108.549,synthetic_sample
2024-04-22,bank,12,3,109.326,synthetic_sample
2024-04-23,bank,11,2,110.158,synthetic_sample
2024-04-24,bank,11,1,115.133,synthetic_sample
2024-04-25,bank,12,1,108.812,synthetic_sample
2024-04-26,bank,14,4,113.37,synthetic_sample
2024-04-27,bank,7,4,110.212,synthetic_sample
2024-04-28,bank,13,0,110.311,synthetic_sample
2024-04-29,bank,10,1,112.5,synthetic_sample
2024-04-30,bank,13,2,105.712,synthetic_sample
2024-05-01,bank,11,5,104.937,synthetic_sample
2024-05-02,bank,10,4,109.388,synthetic_sample
2024-05-03,bank,13,4,107.725,synthetic_sample
2024-05-04,bank,11,2,107.882,synthetic_sample
2024-05-05,bank,7,2,107.938,synthetic_sample
2024-05-06,bank,14,4,111.888,synthetic_sample
2024-05-07,bank,12,2,108.794,synthetic_sample
2024-05-08,bank,14,1,110.054,synthetic_sample
2024-05-09,bank,10,0,106.127,synthetic_sample
2024-05-10,bank,11,1,110.162,synthetic_sample
2024-05-11,bank,9,2,110.791,synthetic_sample
2024-05-12,bank,10,1,111.593,synthetic_sample
2024-05-13,bank,17,1,111.213,synthetic_sample
2024-05-14,bank,11,3,111.692,synthetic_sample
2024-05-15,bank,19,0,112.505,synthetic_sample
2024-05-16,bank,9,3,112.659,synthetic_sample
2024-05-17,bank,16,2,113.999,synthetic_sample
2024-05-18,bank,14,2,115.876,synthetic_sample
2024-05-19,bank,15,1,115.881,synthetic_sample
2024-05-20,bank,10,1,114.427,synthetic_sample
2024-05-21,bank,15,1,117.534,synthetic_sample
2024-05-22,bank,13,2,116.435,synthetic_sample
2024-05-23,bank,8,2,120.202,synthetic_sample
2024-05-24,bank,14,0,115.925,synthetic_sample
2024-05-25,bank,19,3,117.337,synthetic_sample
2024-05-26,bank,18,0,118.617,synthetic_sample
2024-05-27,bank,16,2,117.949,synthetic_sample
2024-05-28,bank,13,1,118.901,synthetic_sample
2024-05-29,bank,20,2,122.25,synthetic_sample
2024-05-30,bank,19,1,122.216,synthetic_sample
2024-05-31,bank,15,1,119.909,synthetic_sample
2024-06-01,bank,18,1,119.879,synthetic_sample
2024-06-02,bank,15,2,120.447,synthetic_sample
2024-06-03,bank,16,1,119.529,synthetic_sample
2024-06-04,bank,22,2,123.408,synthetic_sample
2024-06-05,bank,17,3,121.379,synthetic_sample
2024-06-06,bank,16,0,121.976,synthetic_sample
2024-06-07,bank,15,2,121.803,synthetic_sample
2024-06-08,bank,17,3,122.397,synthetic_sample
2024-06-09,bank,15,3,121.701,synthetic_sample
2024-06-10,bank,18,3,124.869,synthetic_sample
2024-06-11,bank,21,0,122.908,synthetic_sample
2024-06-12,bank,20,1,120.067,synthetic_sample
2024-06-13,bank,17,3,125.56,synthetic_sample
2024-06-14,bank,21,2,121.909,synthetic_sample
2024-06-15,bank,19,0,119.42,synthetic_sample
2024-06-16,bank,17,5,122.599,synthetic_sample
2024-06-17,bank,15,0,121.349,synthetic_sample
2024-06-18,bank,16,4,121.998,synthetic_sample
2024-06-19,bank,19,1,125.799,synthetic_sample
2024-06-20,bank,19,1,124.963,synthetic_sample
2024-06-21,bank,21,4,122.091,synthetic_sample
2024-06-22,bank,18,0,120.216,synthetic_sample
2024-06-23,bank,16,1,120.017,synthetic_sample
2024-06-24,bank,16,3,120.509,synthetic_sample
2024-06-25,bank,17,0,120.747,synthetic_sample
2024-06-26,bank,16,3,118.781,synthetic_sample
2024-06-27,bank,19,2,116.918,synthetic_sample
2024-06-28,bank,15,1,118.735,synthetic_sample
2024-01-01,power,21,3,115.614,synthetic_sample
2024-01-02,power,17,1,119.121,synthetic_sample
2024-01-03,power,16,0,119.147,synthetic_sample
2024-01-04,power,14,1,119.389,synthetic_sample
2024-01-05,power,17,0,123.962,synthetic_sample
2024-01-06,power,14,2,118.206,synthetic_sample
2024-01-07,power,18,1,118.685,synthetic_sample
2024-01-08,power,16,4,120.678,synthetic_sample
2024-01-09,power,21,0,116.4,synthetic_sample
2024-01-10,power,18,3,116.147,synthetic_sample
2024-01-11,power,20,0,115.111,synthetic_sample
2024-01-12,power,16,2,118.527,synthetic_sample
2024-01-13,power,17,1,116.276,synthetic_sample
2024-01-14,power,17,2,110.484,synthetic_sample
2024-01-15,power,18,1,112.377,synthetic_sample
2024-01-16,power,13,1,114.283,synthetic_sample
2024-01-17,power,13,4,114.527,synthetic_sample
2024-01-18,power,14,1,113.815,synthetic_sample
2024-01-19,power,12,1,112.643,synthetic_sample
2024-01-20,power,13,3,111.778,synthetic_sample
2024-01-21,power,14,2,112.901,synthetic_sample
2024-01-22,power,12,2,112.959,synthetic_sample
2024-01-23,power,10,2,111.618,synthetic_sample
2024-01-24,power,13,3,111.959,synthetic_sample
2024-01-25,power,18,2,111.622,synthetic_sample
2024-01-26,power,13,1,111.378,synthetic_sample
2024-01-27,power,12,1,106.996,synthetic_sample
2024-01-28,power,17,3,108.018,synthetic_sample
2024-01-29,power,10,1,107.782,synthetic_sample
2024-01-30,power,10,0,109.587,synthetic_sample
2024-01-31,power,15,1,109.827,synthetic_sample
2024-02-01,power,10,2,109.816,synthetic_sample
2024-02-02,power,12,1,112.21,synthetic_sample
2024-02-03,power,10,3,108.738,synthetic_sample
2024-02-04,power,9,1,109.522,synthetic_sample
2024-02-05,power,13,3,107.293,synthetic_sample
2024-02-06,power,10,1,109.982,synthetic_sample
2024-02-07,power,10,3,106.959,synthetic_sample
2024-02-08,power,15,3,110.809,synthetic_sample
2024-02-09,power,10,2,106.957,synthetic_sample
2024-02-10,power,13,1,106.305,synthetic_sample
2024-02-11,power,11,0,112.799,synthetic_sample
2024-02-12,power,14,1,108.508,synthetic_sample
2024-02-13,power,9,2,110.216,synthetic_sample
2024-02-14,power,12,1,111.529,synthetic_sample
2024-02-15,power,10,3,109.855,synthetic_sample
2024-02-16,power,16,3,112.447,synthetic_sample
2024-02-17,power,12,3,109.698,synthetic_sample
2024-02-18,power,12,0,111.039,synthetic_sample
2024-02-19,power,17,2,109.867,synthetic_sample
2024-02-20,power,16,1,112.588,synthetic_sample
2024-02-21,power,13,3,112.833,synthetic_sample
2024-02-22,power,19,0,109.809,synthetic_sample
2024-02-23,power,14,3,114.73,synthetic_sample
2024-02-24,power,14,3,116.293,synthetic_sample
2024-02-25,power,12,1,112.254,synthetic_sample
2024-02-26,power,16,2,115.369,synthetic_sample
2024-02-27,power,18,6,117.371,synthetic_sample
2024-02-28,power,15,2,117.095,synthetic_sample
2024-02-29,power,16,1,120.158,synthetic_sample
2024-03-01,power,16,1,116.603,synthetic_sample
2024-03-02,power,20,2,117.777,synthetic_sample
2024-03-03,power,18,2,121.804,synthetic_sample
2024-03-04,power,17,2,118.694,synthetic_sample
2024-03-05,power,18,2,119.74,synthetic_sample
2024-03-06,power,20,1,119.807,synthetic_sample
2024-03-07,power,18,1,118.416,synthetic_sample
2024-03-08,power,18,1,119.856,synthetic_sample
2024-03-09,power,22,3,124.753,synthetic_sample
2024-03-10,power,20,4,123.242,synthetic_sample
2024-03-11,power,17,3,122.568,synthetic_sample
2024-03-12,power,19,0,121.902,synthetic_sample
2024-03-13,power,17,2,121.538,synthetic_sample
2024-03-14,power,20,0,123.12,synthetic_sample
2024-03-15,power,26,2,125.399,synthetic_sample
2024-03-16,power,21,4,122.692,synthetic_sample
2024-03-17,power,17,3,121.014,synthetic_sample
2024-03-18,power,22,3,119.542,synthetic_sample
2024-03-19,power,19,2,120.508,synthetic_sample
2024-03-20,power,19,2,118.565,synthetic_sample
2024-03-21,power,23,4,124.066,synthetic_sample
2024-03-22,power,19,1,125.305,synthetic_sample
2024-03-23,power,18,5,120.153,synthetic_sample
2024-03-24,power,19,4,123.757,synthetic_sample
2024-03-25,power,18,2,116.897,synthetic_sample
2024-03-26,power,19,4,121.476,synthetic_sample
2024-03-27,power,16,3,121.152,synthetic_sample
2024-03-28,power,17,1,123.627,synthetic_sample
2024-03-29,power,16,1,120.699,synthetic_sample
2024-03-30,power,18,0,116.986,synthetic_sample
2024-03-31,power,18,2,118.308,synthetic_sample
2024-04-01,power,15,3,121.023,synthetic_sample
2024-04-02,power,17,1,117.611,synthetic_sample
2024-04-03,power,14,3,116.799,synthetic_sample
2024-04-04,power,14,0,117.927,synthetic_sample
2024-04-05,power,12,2,113.024,synthetic_sample
2024-04-06,power,13,1,112.807,synthetic_sample
2024-04-07,power,15,2,117.525,synthetic_sample
2024-04-08,power,11,4,112.025,synthetic_sample
2024-04-09,power,13,4,117.921,synthetic_sample
2024-04-10,power,13,5,117.825,synthetic_sample
2024-04-11,power,13,0,114.988,synthetic_sample
2024-04-12,power,7,2,115.325,synthetic_sample
2024-04-13,power,10,2,112.591,synthetic_sample
2024-04-14,power,10,1,115.944,synthetic_sample
2024-04-15,power,13,1,114.838,synthetic_sample
2024-04-16,power,13,1,112.81,synthetic_sample
2024-04-17,power,14,2,115.577,synthetic_sample
2024-04-18,power,12,2,112.863,synthetic_sample
2024-04-19,power,11,1,110.841,synthetic_sample
2024-04-20,power,12,3,114.089,synthetic_sample
2024-04-21,power,11,0,112.325,synthetic_sample
2024-04-22,power,9,2,115.146,synthetic_sample
2024-04-23,power,13,1,110.327,synthetic_sample
2024-04-24,power,8,2,111.391,synthetic_sample
2024-04-25,power,11,5,112.528,synthetic_sample
2024-04-26,power,12,4,112.804,synthetic_sample
2024-04-27,power,12,4,115.656,synthetic_sample
2024-04-28,power,15,1,113.781,synthetic_sample
2024-04-29,power,14,1,112.496,synthetic_sample
2024-04-30,power,13,0,112.787,synthetic_sample
2024-05-01,power,14,3,112.796,synthetic_sample
2024-05-02,power,14,3,116.208,synthetic_sample
2024-05-03,power,14,2,117.99,synthetic_sample
2024-05-04,power,9,2,119.07,synthetic_sample
2024-05-05,power,11,0,114.085,synthetic_sample
2024-05-06,power,12,1,113.828,synthetic_sample
2024-05-07,power,16,2,117.398,synthetic_sample
2024-05-08,power,15,5,117.768,synthetic_sample
2024-05-09,power,14,1,118.098,synthetic_sample
2024-05-10,power,15,2,120.048,synthetic_sample
2024-05-11,power,15,2,117.658,synthetic_sample
2024-05-12,power,15,3,117.936,synthetic_sample
2024-05-13,power,16,0,121.95,synthetic_sample
2024-05-14,power,13,3,121.64,synthetic_sample
2024-05-15,power,18,3,120.545,synthetic_sample
2024-05-16,power,17,1,123.919,synthetic_sample
2024-05-17,power,20,4,125.366,synthetic_sample
2024-05-18,power,20,2,124.74,synthetic_sample
2024-05-19,power,15,2,122.483,synthetic_sample
2024-05-20,power,13,2,127.52,synthetic_sample
2024-05-21,power,20,3,124.254,synthetic_sample
2024-05-22,power,17,2,123.469,synthetic_sample
2024-05-23,power,19,2,123.891,synthetic_sample
2024-05-24,power,20,3,125.115,synthetic_sample
2024-05-25,power,19,4,124.584,synthetic_sample
2024-05-26,power,17,0,125.958,synthetic_sample
2024-05-27,power,18,1,122.758,synthetic_sample
2024-05-28,power,21,3,128.949,synthetic_sample
2024-05-29,power,19,0,128.421,synthetic_sample
2024-05-30,power,16,3,124.876,synthetic_sample
2024-05-31,power,19,1,126.084,synthetic_sample
2024-06-01,power,18,5,125.989,synthetic_sample
2024-06-02,power,18,3,123.409,synthetic_sample
2024-06-03,power,18,1,127.69,synthetic_sample
2024-06-04,power,17,1,125.391,synthetic_sample
2024-06-05,power,20,0,126.934,synthetic_sample
2024-06-06,power,18,2,124.801,synthetic_sample
2024-06-07,power,20,3,123.15,synthetic_sample
2024-06-08,power,18,0,124.197,synthetic_sample
2024-06-09,power,20,0,126.938,synthetic_sample
2024-06-10,power,17,4,124.704,synthetic_sample
2024-06-11,power,14,3,121.036,synthetic_sample
2024-06-12,power,18,1,123.008,synthetic_sample
2024-06-13,power,20,4,124.216,synthetic_sample
2024-06-14,power,18,5,121.043,synthetic_sample
2024-06-15,power,19,4,123.487,synthetic_sample
2024-06-16,power,16,3,122.924,synthetic_sample
2024-06-17,power,15,3,124.373,synthetic_sample
2024-06-18,power,17,5,120.741,synthetic_sample
2024-06-19,power,18,3,119.869,synthetic_sample
2024-06-20,power,12,5,119.901,synthetic_sample
2024-06-21,power,12,2,116.018,synthetic_sample
2024-06-22,power,13,1,120.623,synthetic_sample
2024-06-23,power,13,0,117.297,synthetic_sample
2024-06-24,power,13,3,121.413,synthetic_sample
2024-06-25,power,12,1,119.249,synthetic_sample
2024-06-26,power,14,5,116.781,synthetic_sample
2024-06-27,power,13,1,117.501,synthetic_sample
2024-06-28,power,11,1,115.918,synthetic_sample
2024-01-01,healthcare,18,6,117.674,synthetic_sample
2024-01-02,healthcare,15,4,118.093,synthetic_sample
2024-01-03,healthcare,18,0,120.409,synthetic_sample
2024-01-04,healthcare,17,3,116.555,synthetic_sample
2024-01-05,healthcare,18,4,120.545,synthetic_sample
2024-01-06,healthcare,16,2,114.312,synthetic_sample
2024-01-07,healthcare,19,1,115.861,synthetic_sample
2024-01-08,healthcare,13,4,115.735,synthetic_sample
2024-01-09,healthcare,13,3,114.735,synthetic_sample
2024-01-10,healthcare,13,1,113.61,synthetic_sample
2024-01-11,healthcare,15,2,115.762,synthetic_sample
2024-01-12,healthcare,14,1,113.525,synthetic_sample
2024-01-13,healthcare,12,4,115.285,synthetic_sample
2024-01-14,healthcare,14,1,112.295,synthetic_sample
2024-01-15,healthcare,11,3,111.257,synthetic_sample
2024-01-16,healthcare,14,3,112.531,synthetic_sample
2024-01-17,healthcare,18,1,113.527,synthetic_sample
2024-01-18,healthcare,17,4,109.314,synthetic_sample
2024-01-19,healthcare,16,1,113.813,synthetic_sample
2024-01-20,healthcare,13,1,111.098,synthetic_sample
2024-01-21,healthcare,11,3,111.812,synthetic_sample
2024-01-22,healthcare,16,4,109.685,synthetic_sample
2024-01-23,healthcare,9,2,113.7,synthetic_sample
2024-01-24,healthcare,16,2,114.716,synthetic_sample
2024-01-25,healthcare,16,2,111.251,synthetic_sample
2024-01-26,healthcare,12,2,106.702,synthetic_sample
2024-01-27,healthcare,16,1,114.448,synthetic_sample
2024-01-28,healthcare,13,0,109.21,synthetic_sample
2024-01-29,healthcare,18,4,114.783,synthetic_sample
2024-01-30,healthcare,9,5,111.241,synthetic_sample
2024-01-31,healthcare,11,4,109.988,synthetic_sample
2024-02-01,healthcare,12,1,112.798,synthetic_sample
2024-02-02,healthcare,15,3,114.02,synthetic_sample
2024-02-03,healthcare,11,2,111.939,synthetic_sample
2024-02-04,healthcare,15,1,113.206,synthetic_sample
2024-02-05,healthcare,14,1,113.513,synthetic_sample
2024-02-06,healthcare,14,2,115.757,synthetic_sample
2024-02-07,healthcare,13,2,114.068,synthetic_sample
2024-02-08,healthcare,16,0,118.759,synthetic_sample
2024-02-09,healthcare,18,2,115.939,synthetic_sample
2024-02-10,healthcare,19,5,119.033,synthetic_sample
2024-02-11,healthcare,13,1,113.078,synthetic_sample
2024-02-12,healthcare,20,1,119.078,synthetic_sample
2024-02-13,healthcare,18,0,120.485,synthetic_sample
2024-02-14,healthcare,18,2,120.847,synthetic_sample
2024-02-15,healthcare,14,4,118.219,synthetic_sample
2024-02-16,healthcare,19,3,115.81,synthetic_sample
2024-02-17,healthcare,18,2,119.938,synthetic_sample
2024-02-18,healthcare,18,3,119.363,synthetic_sample
2024-02-19,healthcare,19,1,121.417,synthetic_sample
2024-02-20,healthcare,21,1,120.781,synthetic_sample
2024-02-21,healthcare,18,3,124.287,synthetic_sample
2024-02-22,healthcare,18,0,125.532,synthetic_sample
2024-02-23,healthcare,17,4,124.593,synthetic_sample
2024-02-24,healthcare,22,1,124.66,synthetic_sample
2024-02-25,healthcare,21,1,122.195,synthetic_sample
2024-02-26,healthcare,22,1,121.471,synthetic_sample
2024-02-27,healthcare,20,3,125.937,synthetic_sample
2024-02-28,healthcare,21,4,123.344,synthetic_sample
2024-02-29,healthcare,19,1,125.428,synthetic_sample
2024-03-01,healthcare,20,2,123.736,synthetic_sample
2024-03-02,healthcare,19,4,127.198,synthetic_sample
2024-03-03,healthcare,20,4,124.553,synthetic_sample
2024-03-04,healthcare,22,2,127.163,synthetic_sample
2024-03-05,healthcare,21,3,125.883,synthetic_sample
2024-03-06,healthcare,20,2,126.704,synthetic_sample
2024-03-07,healthcare,21,2,125.114,synthetic_sample
2024-03-08,healthcare,19,2,126.024,synthetic_sample
2024-03-09,healthcare,20,1,124.576,synthetic_sample
2024-03-10,healthcare,20,4,126.162,synthetic_sample
2024-03-11,healthcare,18,5,127.004,synthetic_sample
2024-03-12,healthcare,18,1,125.878,synthetic_sample
2024-03-13,healthcare,21,2,122.853,synthetic_sample
2024-03-14,healthcare,17,1,122.178,synthetic_sample
2024-03-15,healthcare,19,0,120.946,synthetic_sample
2024-03-16,healthcare,19,0,120.914,synthetic_sample
2024-03-17,healthcare,15,3,123.719,synthetic_sample
2024-03-18,healthcare,18,2,122.229,synthetic_sample
2024-03-19,healthcare,15,2,120.895,synthetic_sample
2024-03-20,healthcare,19,0,119.779,synthetic_sample
2024-03-21,healthcare,17,3,120.113,synthetic_sample
2024-03-22,healthcare,19,1,115.564,synthetic_sample
2024-03-23,healthcare,14,2,121.618,synthetic_sample
2024-03-24,healthcare,15,3,119.572,synthetic_sample
2024-03-25,healthcare,15,0,117.5,synthetic_sample
2024-03-26,healthcare,18,4,119.633,synthetic_sample
2024-03-27,healthcare,16,3,121.846,synthetic_sample
2024-03-28,healthcare,15,4,116.558,synthetic_sample
2024-03-29,healthcare,18,3,116.482,synthetic_sample
2024-03-30,healthcare,16,0,113.916,synthetic_sample
2024-03-31,healthcare,15,2,118.832,synthetic_sample
2024-04-01,healthcare,17,2,114.734,synthetic_sample
2024-04-02,healthcare,14,4,116.528,synthetic_sample
2024-04-03,healthcare,12,2,115.108,synthetic_sample
2024-04-04,healthcare,14,3,115.248,synthetic_sample
2024-04-05,healthcare,11,3,115.635,synthetic_sample
2024-04-06,healthcare,10,1,115.01,synthetic_sample
2024-04-07,healthcare,7,5,114.597,synthetic_sample
2024-04-08,healthcare,10,4,115.169,synthetic_sample
2024-04-09,healthcare,15,2,113.437,synthetic_sample
2024-04-10,healthcare,10,3,111.85,synthetic_sample
2024-04-11,healthcare,15,1,116.91,synthetic_sample
2024-04-12,healthcare,15,2,116.214,synthetic_sample
2024-04-13,healthcare,11,4,115.186,synthetic_sample
2024-04-14,healthcare,12,1,116.382,synthetic_sample
2024-04-15,healthcare,12,1,117.783,synthetic_sample
2024-04-16,healthcare,14,1,115.036,synthetic_sample
2024-04-17,healthcare,13,2,114.431,synthetic_sample
2024-04-18,healthcare,13,1,117.652,synthetic_sample
2024-04-19,healthcare,13,3,115.091,synthetic_sample
2024-04-20,healthcare,14,2,119.089,synthetic_sample
2024-04-21,healthcare,12,2,120.596,synthetic_sample
2024-04-22,healthcare,13,1,122.355,synthetic_sample
2024-04-23,healthcare,12,4,114.223,synthetic_sample
2024-04-24,healthcare,16,2,122.126,synthetic_sample
2024-04-25,healthcare,12,6,121.909,synthetic_sample
2024-04-26,healthcare,16,4,123.45,synthetic_sample
2024-04-27,healthcare,15,4,124.061,synthetic_sample
2024-04-28,healthcare,17,1,120.735,synthetic_sample
2024-04-29,healthcare,16,0,120.786,synthetic_sample
2024-04-30,healthcare,17,3,123.581,synthetic_sample
2024-05-01,healthcare,13,3,124.789,synthetic_sample
2024-05-02,healthcare,21,3,124.34,synthetic_sample
2024-05-03,healthcare,20,3,124.372,synthetic_sample
2024-05-04,healthcare,20,3,124.415,synthetic_sample
2024-05-05,healthcare,17,3,121.42,synthetic_sample
2024-05-06,healthcare,18,4,127.31,synthetic_sample
2024-05-07,healthcare,20,2,124.409,synthetic_sample
2024-05-08,healthcare,19,5,126.459,synthetic_sample
2024-05-09,healthcare,16,2,127.759,synthetic_sample
2024-05-10,healthcare,20,1,126.616,synthetic_sample
2024-05-11,healthcare,19,1,126.105,synthetic_sample
2024-05-12,healthcare,21,3,128.467,synthetic_sample
2024-05-13,healthcare,21,3,130.002,synthetic_sample
2024-05-14,healthcare,19,1,130.094,synthetic_sample
2024-05-15,healthcare,22,3,132.518,synthetic_sample
2024-05-16,healthcare,21,3,129.141,synthetic_sample
2024-05-17,healthcare,19,1,128.437,synthetic_sample
2024-05-18,healthcare,18,2,131.163,synthetic_sample
2024-05-19,healthcare,21,0,131.013,synthetic_sample
2024-05-20,healthcare,21,5,130.379,synthetic_sample
2024-05-21,healthcare,21,5,130.043,synthetic_sample
2024-05-22,healthcare,23,0,124.185,synthetic_sample
2024-05-23,healthcare,21,2,128.835,synthetic_sample
2024-05-24,healthcare,20,0,131.709,synthetic_sample
2024-05-25,healthcare,20,2,125.211,synthetic_sample
2024-05-26,healthcare,22,3,132.469,synthetic_sample
2024-05-27,healthcare,17,3,125.615,synthetic_sample
2024-05-28,healthcare,19,4,129.594,synthetic_sample
2024-05-29,healthcare,19,1,127.204,synthetic_sample
2024-05-30,healthcare,16,2,126.353,synthetic_sample
2024-05-31,healthcare,20,3,128.433,synthetic_sample
2024-06-01,healthcare,17,2,126.026,synthetic_sample
2024-06-02,healthcare,18,2,122.559,synthetic_sample
2024-06-03,healthcare,17,5,125.411,synthetic_sample
2024-06-04,healthcare,20,2,124.349,synthetic_sample
2024-06-05,healthcare,18,2,127.065,synthetic_sample
2024-06-06,healthcare,12,1,120.402,synthetic_sample
2024-06-07,healthcare,10,2,124.996,synthetic_sample
2024-06-08,healthcare,14,1,123.365,synthetic_sample
2024-06-09,healthcare,16,2,121.136,synthetic_sample
2024-06-10,healthcare,14,2,124.32,synthetic_sample
2024-06-11,healthcare,19,3,122.13,synthetic_sample
2024-06-12,healthcare,12,0,120.454,synthetic_sample
2024-06-13,healthcare,13,1,122.424,synthetic_sample
2024-06-14,healthcare,14,0,119.546,synthetic_sample
2024-06-15,healthcare,10,5,118.469,synthetic_sample
2024-06-16,healthcare,15,0,122.382,synthetic_sample
2024-06-17,healthcare,12,3,119.808,synthetic_sample
2024-06-18,healthcare,8,1,119.243,synthetic_sample
2024-06-19,healthcare,16,0,118.78,synthetic_sample
2024-06-20,healthcare,11,5,122.402,synthetic_sample
2024-06-21,healthcare,15,3,120.81,synthetic_sample
2024-06-22,healthcare,8,3,120.972,synthetic_sample
2024-06-23,healthcare,10,5,121.835,synthetic_sample
2024-06-24,healthcare,12,0,120.847,synthetic_sample
2024-06-25,healthcare,11,1,120.69,synthetic_sample
2024-06-26,healthcare,8,1,121.184,synthetic_sample
2024-06-27,healthcare,10,2,122.714,synthetic_sample
2024-06-28,healthcare,13,3,121.369,synthetic_sample
2024-01-01,consumer,16,3,115.579,synthetic_sample
2024-01-02,consumer,16,2,113.495,synthetic_sample
2024-01-03,consumer,15,3,118.175,synthetic_sample
2024-01-04,consumer,14,1,113.601,synthetic_sample
2024-01-05,consumer,14,1,115.111,synthetic_sample
2024-01-06,consumer,14,9,114.441,synthetic_sample
2024-01-07,consumer,16,5,113.316,synthetic_sample
2024-01-08,consumer,15,1,112.138,synthetic_sample
2024-01-09,consumer,11,4,115.709,synthetic_sample
2024-01-10,consumer,12,7,114.714,synthetic_sample
2024-01-11,consumer,16,4,114.254,synthetic_sample
2024-01-12,consumer,16,2,115.194,synthetic_sample
2024-01-13,consumer,15,4,114.214,synthetic_sample
2024-01-14,consumer,14,3,116.735,synthetic_sample
2024-01-15,consumer,15,4,119.102,synthetic_sample
2024-01-16,consumer,10,5,112.824,synthetic_sample
2024-01-17,consumer,12,4,113.655,synthetic_sample
2024-01-18,consumer,16,3,114.343,synthetic_sample
2024-01-19,consumer,14,3,117.265,synthetic_sample
2024-01-20,consumer,13,1,119.104,synthetic_sample
2024-01-21,consumer,12,3,117.655,synthetic_sample
2024-01-22,consumer,15,3,115.324,synthetic_sample
2024-01-23,consumer,12,0,116.776,synthetic_sample
2024-01-24,consumer,19,0,119.34,synthetic_sample
2024-01-25,consumer,18,3,115.293,synthetic_sample
2024-01-26,consumer,13,2,118.278,synthetic_sample
2024-01-27,consumer,13,3,120.277,synthetic_sample
2024-01-28,consumer,21,2,116.283,synthetic_sample
2024-01-29,consumer,16,4,119.095,synthetic_sample
2024-01-30,consumer,14,3,119.634,synthetic_sample
2024-01-31,consumer,18,3,122.76,synthetic_sample
2024-02-01,consumer,18,2,121.908,synthetic_sample
2024-02-02,consumer,17,3,123.014,synthetic_sample
2024-02-03,consumer,17,1,123.598,synthetic_sample
2024-02-04,consumer,20,5,121.604,synthetic_sample
2024-02-05,consumer,19,2,124.155,synthetic_sample
2024-02-06,consumer,20,3,127.98,synthetic_sample
2024-02-07,consumer,18,2,125.449,synthetic_sample
2024-02-08,consumer,20,3,125.363,synthetic_sample
2024-02-09,consumer,20,0,126.236,synthetic_sample
2024-02-10,consumer,19,3,125.374,synthetic_sample
2024-02-11,consumer,25,3,129.259,synthetic_sample
2024-02-12,consumer,23,1,123.428,synthetic_sample
2024-02-13,consumer,21,2,128.302,synthetic_sample
2024-02-14,consumer,18,6,126.247,synthetic_sample
2024-02-15,consumer,24,3,129.285,synthetic_sample
2024-02-16,consumer,23,2,129.334,synthetic_sample
2024-02-17,consumer,22,3,128.203,synthetic_sample
2024-02-18,consumer,19,3,130.123,synthetic_sample
2024-02-19,consumer,17,0,129.443,synthetic_sample
2024-02-20,consumer,16,2,129.524,synthetic_sample
2024-02-21,consumer,23,1,128.164,synthetic_sample
2024-02-22,consumer,22,4,126.866,synthetic_sample
2024-02-23,consumer,24,1,127.444,synthetic_sample
2024-02-24,consumer,22,4,125.845,synthetic_sample
2024-02-25,consumer,22,3,129.702,synthetic_sample
2024-02-26,consumer,26,4,128.158,synthetic_sample
2024-02-27,consumer,23,1,127.27,synthetic_sample
2024-02-28,consumer,23,3,128.025,synthetic_sample
2024-02-29,consumer,18,2,127.513,synthetic_sample
2024-03-01,consumer,24,2,129.91,synthetic_sample
2024-03-02,consumer,20,2,122.046,synthetic_sample
2024-03-03,consumer,18,2,124.872,synthetic_sample
2024-03-04,consumer,21,4,126.658,synthetic_sample
2024-03-05,consumer,21,0,124.161,synthetic_sample
2024-03-06,consumer,21,3,123.959,synthetic_sample
2024-03-07,consumer,17,1,122.982,synthetic_sample
2024-03-08,consumer,19,2,125.377,synthetic_sample
2024-03-09,consumer,21,2,125.985,synthetic_sample
2024-03-10,consumer,15,2,124.469,synthetic_sample
2024-03-11,consumer,18,4,121.101,synthetic_sample
2024-03-12,consumer,16,2,122.305,synthetic_sample
2024-03-13,consumer,15,4,122.21,synthetic_sample
2024-03-14,consumer,14,1,120.482,synthetic_sample
2024-03-15,consumer,14,5,121.063,synthetic_sample
2024-03-16,consumer,19,1,121.908,synthetic_sample
2024-03-17,consumer,16,4,121.11,synthetic_sample
2024-03-18,consumer,16,2,122.585,synthetic_sample
2024-03-19,consumer,13,4,116.658,synthetic_sample
2024-03-20,consumer,15,5,122.32,synthetic_sample
2024-03-21,consumer,14,2,116.955,synthetic_sample
2024-03-22,consumer,15,2,120.37,synthetic_sample
2024-03-23,consumer,11,5,116.429,synthetic_sample
2024-03-24,consumer,12,0,119.905,synthetic_sample
2024-03-25,consumer,13,6,119.295,synthetic_sample
2024-03-26,consumer,11,3,118.013,synthetic_sample
2024-03-27,consumer,14,3,119.189,synthetic_sample
2024-03-28,consumer,12,1,121.459,synthetic_sample
2024-03-29,consumer,13,6,118.806,synthetic_sample
2024-03-30,consumer,14,3,118.317,synthetic_sample
2024-03-31,consumer,15,0,120.065,synthetic_sample
2024-04-01,consumer,19,3,118.703,synthetic_sample
2024-04-02,consumer,15,5,121.238,synthetic_sample
2024-04-03,consumer,12,2,119.437,synthetic_sample
2024-04-04,consumer,17,2,118.374,synthetic_sample
2024-04-05,consumer,14,0,119.43,synthetic_sample
2024-04-06,consumer,14,3,118.033,synthetic_sample
2024-04-07,consumer,16,3,118.64,synthetic_sample
2024-04-08,consumer,15,3,122.617,synthetic_sample
2024-04-09,consumer,10,3,118.404,synthetic_sample
2024-04-10,consumer,17,4,121.044,synthetic_sample
2024-04-11,consumer,18,2,126.36,synthetic_sample
2024-04-12,consumer,19,1,123.419,synthetic_sample
2024-04-13,consumer,13,4,120.501,synthetic_sample
2024-04-14,consumer,19,5,126.363,synthetic_sample
2024-04-15,consumer,15,2,120.868,synthetic_sample
2024-04-16,consumer,21,2,125.195,synthetic_sample
2024-04-17,consumer,20,7,125.404,synthetic_sample
2024-04-18,consumer,18,2,123.315,synthetic_sample
2024-04-19,consumer,17,0,131.292,synthetic_sample
2024-04-20,consumer,15,1,126.412,synthetic_sample
2024-04-21,consumer,19,1,131.637,synthetic_sample
2024-04-22,consumer,20,0,128.293,synthetic_sample
2024-04-23,consumer,18,3,128.157,synthetic_sample
2024-04-24,consumer,21,3,129.181,synthetic_sample
2024-04-25,consumer,21,2,127.08,synthetic_sample
2024-04-26,consumer,22,3,128.99,synthetic_sample
2024-04-27,consumer,22,2,133.248,synthetic_sample
2024-04-28,consumer,22,4,132.613,synthetic_sample
2024-04-29,consumer,21,1,134.269,synthetic_sample
2024-04-30,consumer,21,2,132.763,synthetic_sample
2024-05-01,consumer,23,0,130.166,synthetic_sample
2024-05-02,consumer,23,2,135.512,synthetic_sample
2024-05-03,consumer,22,3,130.091,synthetic_sample
2024-05-04,consumer,26,2,133.876,synthetic_sample
2024-05-05,consumer,21,3,133.716,synthetic_sample
2024-05-06,consumer,20,3,134.193,synthetic_sample
2024-05-07,consumer,20,1,134.098,synthetic_sample
2024-05-08,consumer,22,3,129.664,synthetic_sample
2024-05-09,consumer,22,2,132.391,synthetic_sample
2024-05-10,consumer,21,0,134.998,synthetic_sample
2024-05-11,consumer,21,1,131.854,synthetic_sample
2024-05-12,consumer,20,1,136.461,synthetic_sample
2024-05-13,consumer,22,1,131.629,synthetic_sample
2024-05-14,consumer,22,2,131.92,synthetic_sample
2024-05-15,consumer,21,0,128.654,synthetic_sample
2024-05-16,consumer,18,2,131.149,synthetic_sample
2024-05-17,consumer,19,1,130.23,synthetic_sample
2024-05-18,consumer,18,7,130.482,synthetic_sample
2024-05-19,consumer,18,2,135.053,synthetic_sample
2024-05-20,consumer,18,2,130.27,synthetic_sample
2024-05-21,consumer,19,0,128.114,synthetic_sample
2024-05-22,consumer,19,5,130.728,synthetic_sample
2024-05-23,consumer,21,3,132.038,synthetic_sample
2024-05-24,consumer,18,1,129.832,synthetic_sample
2024-05-25,consumer,20,1,129.333,synthetic_sample
2024-05-26,consumer,17,4,124.646,synthetic_sample
2024-05-27,consumer,15,3,124.501,synthetic_sample
2024-05-28,consumer,17,3,122.603,synthetic_sample
2024-05-29,consumer,16,3,123.823,synthetic_sample
2024-05-30,consumer,13,5,123.904,synthetic_sample
2024-05-31,consumer,14,1,124.757,synthetic_sample
2024-06-01,consumer,15,1,124.991,synthetic_sample
2024-06-02,consumer,14,0,126.024,synthetic_sample
2024-06-03,consumer,13,9,123.337,synthetic_sample
2024-06-04,consumer,14,7,125.45,synthetic_sample
2024-06-05,consumer,12,1,121.22,synthetic_sample
2024-06-06,consumer,14,0,123.758,synthetic_sample
2024-06-07,consumer,17,2,123.691,synthetic_sample
2024-06-08,consumer,14,7,122.461,synthetic_sample
2024-06-09,consumer,13,2,122.845,synthetic_sample
2024-06-10,consumer,16,1,120.616,synthetic_sample
2024-06-11,consumer,14,2,124.381,synthetic_sample
2024-06-12,consumer,13,3,117.845,synthetic_sample
2024-06-13,consumer,13,0,122.323,synthetic_sample
2024-06-14,consumer,14,2,126.288,synthetic_sample
2024-06-15,consumer,16,1,117.741,synthetic_sample
2024-06-16,consumer,13,2,125.043,synthetic_sample
2024-06-17,consumer,17,2,121.279,synthetic_sample
2024-06-18,consumer,13,2,123.59,synthetic_sample
2024-06-19,consumer,14,3,123.846,synthetic_sample
2024-06-20,consumer,17,2,124.884,synthetic_sample
2024-06-21,consumer,17,2,126.4,synthetic_sample
2024-06-22,consumer,14,4,124.193,synthetic_sample
2024-06-23,consumer,18,4,130.698,synthetic_sample
2024-06-24,consumer,16,4,127.226,synthetic_sample
2024-06-25,consumer,13,2,127.643,synthetic_sample
2024-06-26,consumer,16,2,130.572,synthetic_sample
2024-06-27,consumer,15,1,128.135,synthetic_sample
2024-06-28,consumer,14,4,128.598,synthetic_sample
